student_id,name,age,gender,is_smoker,weekday_sleep_time,weekday_wake_time,weekend_sleep_time,weekend_wake_time,goes_home_on_weekend,late_night_return_frequency,drinking_frequency,noise_sensitivity,call_frequency,snores,prefers_same_major,major_name,cleaning_frequency,personality_extroversion,weight_lifestyle_rhythm,weight_noise,weight_major,weight_cleaning,weight_age,weight_personality,is_matched,matched_room_id,created_at,updated_at
20000001,김예준,28,male,False,22,11,,,True,6,5,4,2,1,False,국제학부 영어데이터융합전공,4,0,92,28,91,5,74,97,False,,,
25000001,안건우,23,male,False,00,09,00,07,False,4,7,2,4,1,False,국제학부 일어일문학전공,5,1,39,96,29,34,100,12,False,,,
22000001,장민서,22,female,False,02,07,03,11,False,7,0,1,6,1,False,국제학부 일어일문학전공,7,1,64,10,77,24,27,56,False,,,
23000001,김하준,22,male,True,23,11,23,11,False,6,6,5,3,0,False,자유전공학부,5,1,88,90,84,59,40,46,False,,,
21000001,이채원,20,female,True,02,09,,,True,3,7,3,6,0,True,국제학부 일어일문학전공,2,1,71,100,23,30,62,83,False,,,
21000002,윤지후,26,male,True,23,09,00,09,False,2,3,1,1,1,False,국제학부 영어데이터융합전공,5,0,35,56,81,35,56,28,False,,,
19000001,박도윤,26,male,False,00,10,23,07,False,3,5,5,1,0,False,국제학부 일어일문학전공,6,1,3,0,51,23,50,73,False,,,
19000002,이은우,20,male,False,23,09,23,07,False,5,6,3,4,0,False,국제학부 영어데이터융합전공,6,0,84,24,78,57,9,24,False,,,
25000002,이서윤,22,female,False,02,11,00,10,False,4,4,3,5,0,True,자유전공학부,5,1,30,19,20,96,67,95,False,,,
20000002,이승현,28,male,False,03,06,,,True,6,2,3,2,0,True,교육학과,1,0,89,61,57,73,13,53,False,,,
18000001,이유나,20,female,False,23,11,02,08,False,4,3,3,2,0,True,국제학부 일어일문학전공,3,0,28,95,20,37,32,83,False,,,
20000003,김서윤,25,female,False,00,06,00,11,False,6,0,4,5,1,False,교육학과,6,1,18,65,88,97,19,10,False,,,
18000002,김재윤,26,male,False,00,07,00,08,False,6,5,5,3,1,True,자유전공학부,3,1,33,13,21,51,23,79,False,,,
24000001,강민서,21,female,False,01,06,03,09,False,2,7,4,7,0,True,국제학부 영어데이터융합전공,7,0,37,39,90,97,53,65,False,,,
18000003,박지우,28,female,False,00,11,,,True,1,0,2,7,1,False,교육학과,4,0,98,61,16,20,37,45,False,,,
18000004,이시우,20,male,False,22,08,02,10,False,1,1,5,4,1,True,국어국문학과,5,0,31,17,70,19,23,67,False,,,
20000004,김민준,22,male,True,01,08,22,07,False,0,7,3,2,0,True,자유전공학부,6,1,21,39,90,13,21,93,False,,,
21000003,김하윤,23,female,False,23,09,,,True,5,4,2,3,1,True,역사학과,7,0,95,100,8,34,80,14,False,,,
19000003,엄서연,26,female,False,22,07,03,06,False,2,2,3,1,1,True,국어국문학과,3,0,37,42,40,82,7,88,False,,,
24000002,김지민,24,female,False,01,06,,,True,6,2,3,1,1,True,국제학부 영어데이터융합전공,6,0,24,33,3,93,15,91,False,,,
24000003,박유준,20,male,False,23,10,,,True,7,7,4,5,1,True,국제학부 중국통상학전공,2,1,82,60,66,82,71,21,False,,,
18000005,김윤서,20,female,False,01,08,,,True,7,7,4,5,1,True,국제학부 영어데이터융합전공,5,1,47,2,27,61,74,69,False,,,
22000002,심은우,28,male,True,03,11,23,10,False,2,0,4,1,1,True,역사학과,6,1,82,74,19,5,36,65,False,,,
18000006,권민준,24,male,True,02,11,,,True,6,7,2,2,1,False,국어국문학과,5,1,68,52,90,24,63,85,False,,,
25000003,김하준,21,male,True,01,09,01,10,False,1,3,5,3,0,False,역사학과,5,0,49,97,6,84,80,3,False,,,
25000004,차현우,23,male,False,22,11,,,True,2,6,4,2,1,True,교육학과,2,0,21,100,8,16,21,31,False,,,
25000005,김지후,24,male,False,02,11,00,08,False,5,2,4,1,0,True,국제학부 중국통상학전공,6,1,41,50,25,9,12,67,False,,,
22000003,백시우,22,male,False,23,09,22,11,False,5,5,3,4,0,True,국제학부 중국통상학전공,7,0,89,95,44,38,40,59,False,,,
25000006,윤민준,27,male,True,03,11,,,True,4,6,4,6,1,True,국제학부 영어데이터융합전공,5,0,49,98,81,72,71,28,False,,,
25000007,최지후,24,male,True,01,08,,,True,5,6,1,2,1,True,자유전공학부,7,0,86,23,8,82,3,66,False,,,
23000002,오유나,20,female,False,02,08,03,07,False,5,4,1,3,0,False,국제학부 일어일문학전공,1,1,28,31,43,57,23,48,False,,,
24000004,김하윤,27,female,False,01,07,01,11,False,6,0,1,2,0,False,국제학부 중국통상학전공,1,0,29,70,46,9,83,70,False,,,
18000007,박지우,20,female,False,22,06,01,07,False,5,2,5,1,1,False,국제학부 영어데이터융합전공,3,0,44,58,55,81,30,38,False,,,
21000004,이지우,21,female,False,02,06,23,06,False,4,6,5,6,0,False,역사학과,7,1,47,16,37,78,3,7,False,,,
23000003,윤채원,26,female,False,02,06,23,08,False,4,3,5,3,1,True,자유전공학부,7,0,74,65,75,81,84,44,False,,,
22000004,이서윤,22,female,False,03,10,,,True,6,1,5,5,1,False,교육학과,6,1,78,0,73,26,77,31,False,,,
25000008,김예린,27,female,True,02,11,,,True,7,1,5,1,1,True,자유전공학부,3,0,19,81,77,27,46,32,False,,,
17000001,박도윤,26,male,True,00,09,23,10,False,7,2,3,5,0,False,국어국문학과,2,1,34,40,54,93,79,81,False,,,
19000004,조지우,21,female,True,00,10,01,07,False,4,5,5,5,0,True,국제학부 영어데이터융합전공,4,1,53,12,38,69,61,40,False,,,
25000009,김예린,22,female,True,00,11,02,08,False,1,5,3,6,0,True,국제학부 일어일문학전공,3,0,21,20,81,94,37,30,False,,,
24000005,안채원,26,female,False,03,11,22,06,False,6,7,1,4,1,True,역사학과,6,0,27,42,65,68,9,38,False,,,
17000002,문수아,26,female,False,23,08,01,07,False,0,7,5,5,1,False,교육학과,5,0,63,70,31,45,30,78,False,,,
17000003,권민서,22,female,False,03,11,,,True,3,1,5,3,0,False,국제학부 중국통상학전공,2,1,26,35,43,83,80,35,False,,,
17000004,이다은,23,female,True,00,06,,,True,3,5,5,5,0,False,국제학부 영어데이터융합전공,5,0,22,31,93,14,5,54,False,,,
20000005,윤유나,22,female,True,02,06,03,10,False,5,1,3,3,0,True,국제학부 영어데이터융합전공,2,0,75,56,17,41,12,36,False,,,
19000005,이승민,20,male,False,23,10,,,True,2,1,5,5,1,True,국제학부 중국통상학전공,2,1,29,84,44,52,58,48,False,,,
21000005,황승현,22,male,False,02,11,,,True,6,2,2,2,0,False,국제학부 일어일문학전공,4,0,42,62,25,25,16,89,False,,,
17000005,김하윤,28,female,False,03,07,23,07,False,2,2,4,7,0,True,교육학과,1,0,70,15,84,92,99,71,False,,,
20000006,손소윤,28,female,False,03,11,22,11,False,4,3,4,1,0,True,교육학과,2,1,50,35,88,18,99,64,False,,,
22000005,김시윤,26,male,False,00,06,00,08,False,1,2,1,2,1,True,국제학부 중국통상학전공,2,1,70,67,78,53,66,77,False,,,
22000006,진준우,22,male,True,01,06,01,07,False,7,5,2,5,1,True,국어국문학과,1,0,2,100,28,45,5,33,False,,,
21000006,김유준,27,male,False,22,11,,,True,6,5,1,7,1,True,국제학부 영어데이터융합전공,1,0,3,88,92,98,30,84,False,,,
20000007,이예은,24,female,False,03,08,,,True,2,0,4,2,1,True,국제학부 일어일문학전공,3,0,59,36,79,92,83,100,False,,,
22000007,김서연,25,female,False,03,07,03,11,False,3,3,2,2,1,True,교육학과,1,0,73,6,72,74,79,82,False,,,
17000006,김지훈,26,male,False,22,10,23,06,False,5,6,4,5,0,True,국제학부 일어일문학전공,6,0,8,88,33,43,34,41,False,,,
22000008,윤대현,22,male,False,01,10,23,11,False,3,0,4,4,0,True,교육학과,4,0,42,87,16,40,41,79,False,,,
21000007,박현우,24,male,False,03,07,01,09,False,4,6,4,2,1,False,국제학부 일어일문학전공,3,0,27,99,58,5,39,77,False,,,
22000009,이건우,21,male,False,03,08,,,True,5,6,1,4,0,False,국제학부 중국통상학전공,5,1,5,100,99,81,59,90,False,,,
21000008,김나연,22,female,False,00,06,22,06,False,4,1,4,7,0,False,국제학부 중국통상학전공,4,1,52,46,100,20,61,55,False,,,
23000004,이지후,27,male,True,02,06,,,True,7,6,5,1,0,True,국제학부 중국통상학전공,3,0,20,5,51,26,41,93,False,,,
17000007,윤준우,21,male,True,00,09,,,True,0,3,3,6,1,True,국제학부 영어데이터융합전공,4,0,60,16,81,73,81,4,False,,,
17000008,김지우,20,female,True,22,09,,,True,1,6,4,1,1,False,국어국문학과,1,1,52,79,91,78,40,32,False,,,
23000005,한나연,28,female,False,01,11,00,11,False,1,5,2,6,0,True,자유전공학부,6,1,12,21,55,41,96,48,False,,,
20000008,이서연,28,female,False,00,06,00,08,False,2,5,5,1,0,False,국제학부 일어일문학전공,1,1,50,22,6,73,3,96,False,,,
19000006,남은우,26,male,False,03,09,02,06,False,7,4,3,1,0,False,국제학부 중국통상학전공,6,1,18,42,24,33,1,87,False,,,
19000007,이은서,27,female,False,23,08,03,08,False,4,4,4,6,1,True,국제학부 중국통상학전공,7,1,84,40,82,21,16,95,False,,,
18000008,양서연,27,female,False,02,10,02,10,False,1,7,4,1,1,True,국제학부 중국통상학전공,6,0,82,92,13,93,6,43,False,,,
20000009,박유나,22,female,False,22,11,22,09,False,3,3,2,6,0,False,국어국문학과,2,0,51,52,4,2,99,15,False,,,
22000010,한승현,25,male,False,23,08,22,09,False,5,4,3,6,1,True,국제학부 영어데이터융합전공,4,0,65,83,28,61,90,11,False,,,
21000009,손민수,26,male,False,00,10,02,10,False,2,4,1,6,1,True,국제학부 영어데이터융합전공,6,1,30,16,18,87,69,36,False,,,
25000010,김도윤,25,male,False,22,06,,,True,1,2,1,4,1,False,국제학부 일어일문학전공,6,0,82,65,15,2,85,26,False,,,
22000011,지현우,28,male,True,23,06,22,11,False,4,4,1,6,1,True,교육학과,3,1,86,64,30,72,96,50,False,,,
21000010,박대현,24,male,False,00,06,01,08,False,1,4,5,4,1,False,국제학부 영어데이터융합전공,6,1,79,98,27,28,61,2,False,,,
23000006,김다은,21,female,False,23,10,00,10,False,5,1,3,3,0,False,국제학부 일어일문학전공,5,0,92,36,34,57,99,77,False,,,
21000011,이현우,25,male,True,23,07,01,06,False,4,6,3,7,0,True,국제학부 중국통상학전공,6,0,85,87,20,13,80,43,False,,,
25000011,송민준,28,male,False,02,06,,,True,7,0,4,7,0,True,국제학부 일어일문학전공,2,1,66,25,44,89,96,40,False,,,
21000012,이유나,20,female,False,23,07,23,08,False,6,2,2,3,1,True,자유전공학부,6,0,69,12,34,83,66,36,False,,,
23000007,최지민,25,female,True,03,09,03,06,False,1,6,5,4,1,False,역사학과,7,0,71,83,65,84,60,85,False,,,
21000013,김지후,25,male,False,23,11,00,06,False,1,4,4,1,1,False,자유전공학부,6,1,79,44,44,66,55,30,False,,,
18000009,최민수,20,male,False,03,10,23,09,False,1,5,2,6,1,False,교육학과,3,0,16,3,3,52,66,73,False,,,
19000008,김서준,28,male,False,00,06,02,08,False,1,3,5,4,1,False,국어국문학과,2,0,1,56,96,9,82,73,False,,,
23000008,장채원,25,female,False,01,09,01,07,False,7,5,1,6,1,False,국제학부 중국통상학전공,4,0,86,98,95,22,4,45,False,,,
21000014,송지우,22,female,False,23,10,03,10,False,4,5,1,3,0,False,국제학부 중국통상학전공,4,0,96,27,5,51,38,42,False,,,
22000012,최예은,21,female,False,01,06,23,08,False,1,5,4,6,0,True,국어국문학과,2,0,89,39,33,31,30,86,False,,,
24000006,김하준,20,male,True,01,11,23,11,False,4,6,1,6,1,True,국어국문학과,3,0,46,33,66,72,88,89,False,,,
21000015,김재윤,22,male,False,23,08,03,07,False,1,0,5,3,0,True,국어국문학과,7,1,80,52,98,31,58,80,False,,,
20000010,장민수,24,male,False,01,07,23,07,False,6,5,2,1,0,False,국제학부 중국통상학전공,4,1,19,69,50,59,37,92,False,,,
19000009,이예은,28,female,False,22,07,22,09,False,0,0,1,5,0,True,역사학과,7,0,40,64,17,28,6,63,False,,,
19000010,황준우,20,male,True,22,09,01,06,False,7,7,1,3,0,False,국제학부 영어데이터융합전공,1,1,77,94,14,45,52,35,False,,,
17000009,김윤서,28,female,True,23,10,02,08,False,7,5,5,5,0,True,교육학과,3,0,45,65,26,56,71,17,False,,,
22000013,이승민,21,male,False,00,08,00,09,False,7,4,5,7,1,True,국어국문학과,4,0,5,43,58,16,60,58,False,,,
23000009,이지우,26,female,False,22,06,23,09,False,0,1,1,6,0,False,국제학부 일어일문학전공,6,0,77,40,74,72,89,2,False,,,
25000012,오건우,27,male,False,03,11,22,07,False,6,1,3,5,0,False,역사학과,5,0,34,34,68,8,34,31,False,,,
22000014,김승민,27,male,False,00,08,00,08,False,5,7,5,7,0,True,자유전공학부,2,1,77,1,3,44,79,29,False,,,
24000007,박지훈,24,male,False,03,06,23,09,False,3,6,2,4,1,True,역사학과,6,1,39,81,10,87,46,80,False,,,
24000008,남시우,25,male,False,22,09,02,07,False,6,1,1,4,0,True,국제학부 중국통상학전공,7,0,51,42,98,26,4,76,False,,,
21000016,박채원,23,female,False,01,08,23,07,False,7,6,4,2,1,True,자유전공학부,7,0,54,48,41,47,12,3,False,,,
20000011,손시우,24,male,False,23,11,03,08,False,1,7,4,3,0,True,국어국문학과,3,1,11,68,73,82,77,81,False,,,
25000013,이서연,26,female,True,22,06,22,10,False,5,2,4,6,0,True,국어국문학과,2,0,9,35,24,52,78,64,False,,,
17000010,권승민,28,male,True,22,11,02,06,False,6,4,3,5,0,True,국제학부 영어데이터융합전공,6,0,20,58,45,22,89,34,False,,,
23000010,주예은,22,female,False,22,06,,,True,0,4,2,4,1,False,교육학과,6,0,53,70,96,51,62,11,False,,,
19000011,이윤서,23,female,True,23,06,03,08,False,5,7,3,7,0,True,국제학부 중국통상학전공,2,0,92,0,70,89,56,65,False,,,
22000015,김시우,22,male,False,02,06,03,08,False,1,1,4,5,0,False,국제학부 영어데이터융합전공,5,1,10,4,75,76,55,83,False,,,
18000010,김시윤,22,male,True,23,11,03,11,False,7,2,1,1,1,True,자유전공학부,7,1,4,46,24,7,36,37,False,,,
18000011,최민서,24,female,False,03,06,02,07,False,4,5,2,5,0,True,국제학부 일어일문학전공,5,1,61,56,40,57,1,99,False,,,
21000017,황민준,22,male,True,22,10,01,10,False,1,6,5,5,0,True,교육학과,4,0,79,19,62,33,7,34,False,,,
18000012,박은우,26,male,False,22,07,22,06,False,1,5,3,1,1,True,역사학과,6,0,22,51,29,51,13,96,False,,,
18000013,이하윤,23,female,True,03,08,01,10,False,4,4,1,4,1,False,역사학과,4,1,38,36,36,37,55,50,False,,,
19000012,강시윤,26,male,True,22,11,01,08,False,4,6,4,5,1,False,교육학과,4,0,95,90,18,52,56,73,False,,,
22000016,김승민,26,male,True,01,07,03,06,False,6,6,4,6,1,False,자유전공학부,3,1,19,82,54,8,71,0,False,,,
22000017,장민수,22,male,True,01,10,22,08,False,6,4,3,5,0,True,국어국문학과,2,0,91,89,92,72,48,55,False,,,
19000013,나예준,27,male,False,22,11,00,11,False,2,4,1,4,1,True,국제학부 중국통상학전공,4,0,1,79,52,31,100,35,False,,,
25000014,이은우,26,male,False,23,09,01,09,False,7,7,1,4,0,True,국제학부 일어일문학전공,7,0,63,84,3,46,56,90,False,,,
18000014,김유준,24,male,False,01,07,00,08,False,7,2,2,5,0,True,역사학과,3,1,45,75,45,49,23,86,False,,,
18000015,김지훈,28,male,True,23,09,,,True,2,2,1,6,1,False,국제학부 영어데이터융합전공,2,1,16,72,59,54,40,91,False,,,
24000009,이지후,27,male,False,03,07,22,09,False,7,6,3,2,1,False,국제학부 일어일문학전공,3,0,54,8,49,64,68,64,False,,,
25000015,장시우,28,male,False,01,06,22,06,False,7,2,5,5,0,True,교육학과,3,1,27,11,88,5,36,5,False,,,
19000014,안은우,26,male,False,01,10,00,08,False,6,5,5,1,0,True,역사학과,1,1,94,33,21,77,16,92,False,,,
24000010,이은서,25,female,False,03,11,03,11,False,5,1,1,4,1,False,교육학과,2,0,54,24,95,79,46,98,False,,,
20000012,강지민,26,female,False,03,06,,,True,7,6,4,1,1,True,국제학부 일어일문학전공,3,1,92,72,34,17,57,96,False,,,
21000018,장하윤,24,female,True,23,08,00,09,False,3,2,1,3,0,False,국제학부 일어일문학전공,4,0,92,5,98,87,49,21,False,,,
20000013,박시우,27,male,True,22,10,,,True,5,6,2,1,0,False,역사학과,1,0,6,86,42,76,57,77,False,,,
22000018,김은서,20,female,False,02,09,01,10,False,1,7,1,7,0,True,국제학부 영어데이터융합전공,3,0,31,34,89,73,30,32,False,,,
23000011,이수아,25,female,False,03,10,03,07,False,2,6,5,3,0,False,교육학과,2,0,56,66,8,12,96,25,False,,,
21000019,박건우,28,male,False,02,06,,,True,5,5,3,4,0,False,국어국문학과,7,1,70,78,10,74,1,76,False,,,
20000014,김예준,26,male,False,00,09,01,07,False,4,0,2,1,1,False,국제학부 영어데이터융합전공,3,0,57,58,82,99,28,18,False,,,
21000020,김서연,22,female,False,01,11,00,06,False,2,4,2,5,0,True,국제학부 영어데이터융합전공,5,0,42,75,5,87,38,36,False,,,
22000019,송서연,20,female,False,22,07,00,09,False,7,7,5,7,1,True,국제학부 중국통상학전공,4,0,15,63,52,35,87,75,False,,,
19000015,이은서,25,female,False,03,10,01,08,False,0,5,1,1,1,True,국제학부 영어데이터융합전공,4,0,91,87,3,66,55,9,False,,,
19000016,최다은,27,female,False,03,10,03,08,False,4,6,2,3,0,True,국제학부 영어데이터융합전공,7,1,13,24,96,92,7,28,False,,,
22000020,김도윤,28,male,False,23,08,,,True,0,6,3,7,1,False,국제학부 일어일문학전공,2,0,34,60,89,38,95,45,False,,,
24000011,송승현,21,male,True,01,10,,,True,7,4,1,2,1,True,자유전공학부,5,0,99,89,9,45,80,12,False,,,
22000021,강은서,22,female,False,02,08,22,07,False,1,0,1,5,0,False,자유전공학부,2,0,32,8,52,82,66,20,False,,,
24000012,안수아,20,female,False,01,09,,,True,0,0,2,4,1,False,국제학부 영어데이터융합전공,3,1,79,42,2,49,76,57,False,,,
17000011,이승현,21,male,True,22,10,23,07,False,3,3,3,6,1,True,국어국문학과,1,1,67,97,94,80,55,14,False,,,
20000015,이하윤,21,female,False,03,09,02,10,False,2,0,4,4,0,True,교육학과,6,1,11,74,30,41,46,48,False,,,
24000013,김승현,23,male,False,03,08,00,10,False,6,6,3,5,0,False,국제학부 일어일문학전공,2,0,100,54,31,58,46,23,False,,,
23000012,최시윤,22,male,True,02,06,,,True,2,2,3,5,1,False,역사학과,3,1,31,52,15,79,22,11,False,,,
20000016,김소윤,26,female,False,03,06,23,11,False,4,0,5,3,0,True,국어국문학과,6,1,74,43,46,50,84,74,False,,,
17000012,김윤서,20,female,True,23,10,02,11,False,4,2,4,4,1,True,국제학부 영어데이터융합전공,7,0,37,56,32,47,27,63,False,,,
17000013,김도윤,23,male,False,02,09,03,09,False,5,0,2,1,1,False,국제학부 영어데이터융합전공,3,1,44,21,41,11,83,91,False,,,
17000014,한예은,24,female,False,00,11,23,08,False,5,1,5,1,0,False,국어국문학과,4,1,37,1,27,94,32,9,False,,,
18000016,이서윤,23,female,False,00,08,03,08,False,4,5,4,4,1,False,국제학부 중국통상학전공,1,1,80,7,29,45,41,53,False,,,
22000022,조채원,21,female,False,01,11,,,True,3,1,4,2,1,True,자유전공학부,6,1,14,46,52,49,19,15,False,,,
20000017,고재윤,24,male,True,01,10,,,True,7,4,2,6,0,True,국제학부 영어데이터융합전공,2,1,1,44,48,73,14,11,False,,,
24000014,고은우,24,male,False,23,10,03,07,False,1,3,4,2,1,True,국제학부 중국통상학전공,5,1,93,23,66,41,80,5,False,,,
19000017,최지후,21,male,False,03,10,,,True,7,6,4,5,0,True,국제학부 중국통상학전공,6,0,72,50,14,74,77,10,False,,,
20000018,김서연,21,female,False,22,10,01,10,False,5,3,5,3,1,True,국제학부 영어데이터융합전공,5,1,82,29,55,56,17,45,False,,,
25000016,오채원,21,female,True,22,06,,,True,4,1,1,7,1,False,국제학부 영어데이터융합전공,5,1,58,88,100,4,50,48,False,,,
19000018,문유준,21,male,True,22,07,02,11,False,5,5,3,5,0,False,국제학부 일어일문학전공,4,0,90,15,8,75,52,86,False,,,
22000023,김지우,26,female,True,02,11,01,07,False,6,5,3,1,0,True,국어국문학과,2,1,27,55,17,71,26,62,False,,,
25000017,이민수,20,male,False,22,06,22,07,False,2,3,1,3,0,True,자유전공학부,2,0,3,0,66,43,27,72,False,,,
18000017,김지민,23,female,True,00,11,22,11,False,5,2,5,4,1,True,국제학부 영어데이터융합전공,3,0,84,93,7,43,70,14,False,,,
22000024,서건우,28,male,False,23,11,01,09,False,7,1,4,6,0,True,자유전공학부,1,0,2,33,31,41,36,66,False,,,
21000021,김민서,24,female,False,02,08,03,07,False,6,0,5,2,0,True,국어국문학과,4,1,100,45,91,93,57,54,False,,,
19000019,김현우,26,male,False,01,09,,,True,2,7,2,5,1,True,자유전공학부,7,1,75,20,29,72,5,9,False,,,
18000018,진윤서,28,female,False,22,10,03,07,False,0,7,3,2,1,False,국제학부 영어데이터융합전공,7,1,42,38,65,47,100,8,False,,,
21000022,이지우,20,female,False,00,06,03,08,False,5,6,2,7,0,False,국제학부 일어일문학전공,4,1,64,97,29,23,18,56,False,,,
23000013,김하윤,27,female,True,02,08,00,06,False,3,5,5,7,1,False,자유전공학부,3,0,86,9,80,53,76,47,False,,,
24000015,김서윤,21,female,False,23,08,23,07,False,0,5,3,2,0,True,교육학과,7,1,6,1,15,88,77,16,False,,,
19000020,윤민서,26,female,True,22,07,,,True,4,5,1,6,0,False,교육학과,7,0,40,82,79,98,85,0,False,,,
23000014,이대현,23,male,True,01,06,00,08,False,6,0,5,1,1,True,역사학과,5,1,63,65,43,82,80,0,False,,,
21000023,이시윤,24,male,False,22,09,,,True,3,5,1,6,0,False,자유전공학부,7,1,83,1,86,99,88,64,False,,,
20000019,강시윤,22,male,False,02,10,,,True,6,0,3,2,0,False,국어국문학과,4,0,52,65,12,64,0,57,False,,,
20000020,김유나,27,female,True,01,06,22,11,False,0,7,5,7,1,False,자유전공학부,6,1,79,11,80,99,97,2,False,,,
19000021,박소윤,21,female,False,01,07,,,True,1,1,3,6,1,True,국제학부 영어데이터융합전공,4,0,71,32,9,5,3,78,False,,,
21000024,김다은,22,female,False,02,10,01,11,False,1,7,5,6,0,True,국제학부 중국통상학전공,3,1,45,83,82,20,23,59,False,,,
25000018,김소윤,27,female,False,01,08,00,10,False,3,6,5,6,1,True,국어국문학과,1,1,87,59,8,93,42,71,False,,,
24000016,김수아,24,female,False,01,06,00,06,False,5,7,3,4,1,False,역사학과,7,1,24,29,67,47,34,95,False,,,
25000019,조시윤,27,male,False,23,10,01,08,False,5,0,4,1,0,False,역사학과,7,0,32,56,51,98,91,39,False,,,
21000025,강채원,25,female,False,03,11,03,06,False,2,5,4,5,1,True,역사학과,3,1,90,28,85,29,43,74,False,,,
22000025,문민준,24,male,True,03,07,23,07,False,2,5,1,7,1,False,자유전공학부,2,1,88,52,40,3,74,60,False,,,
22000026,김지민,21,female,True,22,08,,,True,0,2,1,1,1,False,국제학부 중국통상학전공,5,1,17,1,66,84,80,42,False,,,
17000015,김수아,21,female,True,01,06,00,06,False,0,3,3,5,0,True,자유전공학부,1,0,49,4,78,51,92,21,False,,,
20000021,김지후,22,male,True,00,08,23,09,False,4,2,1,2,0,True,자유전공학부,2,0,89,76,41,25,96,59,False,,,
24000017,고지우,21,female,False,01,09,02,10,False,6,3,2,7,1,True,국제학부 중국통상학전공,5,1,40,21,83,69,88,30,False,,,
24000018,이재윤,22,male,False,22,08,00,11,False,5,2,3,5,0,True,국제학부 중국통상학전공,2,1,80,55,38,46,54,54,False,,,
25000020,양은서,21,female,False,22,09,23,08,False,2,7,3,7,1,True,교육학과,1,0,19,7,57,65,65,14,False,,,
21000026,최도윤,24,male,False,00,09,,,True,6,0,2,6,0,False,국제학부 일어일문학전공,4,1,0,9,73,57,75,10,False,,,
19000022,이지민,23,female,True,02,07,,,True,3,3,1,4,0,True,역사학과,4,0,60,38,25,57,85,19,False,,,
25000021,조은우,20,male,True,03,09,02,07,False,1,4,3,3,1,False,교육학과,7,0,47,67,96,20,28,92,False,,,
17000016,김대현,25,male,True,22,06,,,True,5,7,4,6,0,False,국제학부 중국통상학전공,7,1,22,15,76,72,75,21,False,,,
23000015,황은서,24,female,False,03,08,02,06,False,2,1,1,1,0,True,국제학부 중국통상학전공,1,1,41,37,13,81,45,98,False,,,
25000022,강은우,24,male,False,01,07,,,True,0,5,4,4,0,True,국제학부 영어데이터융합전공,3,1,58,86,72,42,38,77,False,,,
22000027,이민준,28,male,False,03,07,,,True,2,7,3,5,1,True,역사학과,5,1,79,88,38,25,97,60,False,,,
25000023,김소윤,24,female,False,03,06,,,True,2,7,4,4,1,False,교육학과,5,1,91,2,77,3,99,67,False,,,
18000019,남대현,20,male,False,22,10,,,True,4,7,5,5,0,True,국어국문학과,4,1,6,17,9,14,23,75,False,,,
20000022,이지우,26,female,True,01,09,22,11,False,5,2,4,1,0,True,국제학부 일어일문학전공,6,0,99,40,28,6,80,38,False,,,
23000016,윤서준,21,male,False,03,07,00,10,False,0,6,3,5,0,True,국어국문학과,4,0,20,34,95,90,8,66,False,,,
24000019,최지민,28,female,False,23,09,01,09,False,5,2,4,4,1,True,국제학부 중국통상학전공,2,1,90,56,34,98,93,35,False,,,
18000020,송나연,26,female,False,22,11,01,07,False,5,4,5,6,1,True,자유전공학부,4,1,27,98,15,25,23,22,False,,,
21000027,이유나,23,female,True,00,06,22,06,False,5,7,5,5,1,False,자유전공학부,5,1,20,42,17,99,26,65,False,,,
22000028,박도윤,26,male,False,23,11,00,07,False,6,1,5,3,1,True,교육학과,1,0,81,26,1,48,51,100,False,,,
21000028,전지안,26,female,False,03,06,02,06,False,0,0,2,3,0,False,자유전공학부,2,0,91,86,27,33,5,78,False,,,
21000029,김지안,22,female,False,22,07,02,09,False,0,7,3,7,1,True,자유전공학부,4,1,33,40,46,8,26,83,False,,,
22000029,손서연,27,female,False,00,06,,,True,5,5,4,1,0,True,교육학과,7,0,15,41,91,40,28,73,False,,,
24000020,유서준,23,male,False,01,11,01,11,False,6,5,3,6,0,False,자유전공학부,7,1,27,16,25,86,45,65,False,,,
19000023,박지후,26,male,False,01,08,23,10,False,7,7,3,6,0,True,역사학과,3,1,49,75,56,44,42,70,False,,,
18000021,송승현,27,male,False,02,10,00,11,False,4,4,1,7,0,False,국제학부 중국통상학전공,7,0,13,64,0,77,61,7,False,,,
24000021,김예은,21,female,False,01,11,01,06,False,7,3,1,6,0,False,국제학부 영어데이터융합전공,7,0,89,85,57,82,14,31,False,,,
25000024,이민수,28,male,True,03,06,01,06,False,0,6,5,2,0,False,역사학과,4,0,99,70,38,6,27,87,False,,,
22000030,김민준,24,male,False,03,10,23,09,False,3,7,1,3,0,False,역사학과,7,0,27,46,24,73,90,93,False,,,
19000024,양서윤,23,female,False,02,09,22,09,False,7,6,4,2,0,True,교육학과,5,0,8,41,76,40,6,81,False,,,
24000022,윤하윤,27,female,False,03,07,23,09,False,2,7,2,3,0,False,자유전공학부,1,0,19,45,9,74,20,16,False,,,
23000017,민서윤,22,female,False,22,07,23,11,False,1,5,4,6,0,False,역사학과,6,1,25,20,54,61,72,82,False,,,
17000017,박지안,26,female,False,02,10,,,True,3,1,3,2,0,False,자유전공학부,7,1,71,100,24,84,45,63,False,,,
21000030,구수아,23,female,True,00,10,01,07,False,7,1,1,6,1,False,국어국문학과,3,0,92,61,68,73,57,45,False,,,
23000018,오지훈,24,male,False,02,07,,,True,3,2,4,6,1,False,역사학과,1,0,2,19,97,28,49,27,False,,,
18000022,류유나,20,female,False,00,10,,,True,6,4,5,5,0,False,역사학과,2,0,20,6,94,77,95,92,False,,,
17000018,강은우,24,male,True,02,10,00,09,False,3,5,1,2,0,False,역사학과,4,1,28,23,9,80,20,31,False,,,
20000023,김건우,20,male,True,23,07,22,10,False,4,2,2,5,1,True,자유전공학부,6,0,28,23,80,30,51,44,False,,,
22000031,김다은,26,female,True,23,06,00,08,False,0,4,4,1,0,False,국어국문학과,6,1,76,60,79,17,35,76,False,,,
25000025,김은서,23,female,False,03,11,22,06,False,0,1,2,3,0,True,교육학과,7,0,81,54,96,45,99,52,False,,,
25000026,오민서,26,female,False,23,06,03,11,False,6,5,4,4,1,True,자유전공학부,2,1,35,78,64,25,12,81,False,,,
25000027,이민서,25,female,False,22,06,01,08,False,7,5,3,6,0,False,국어국문학과,3,1,40,97,63,6,71,46,False,,,
21000031,나승민,23,male,True,22,06,22,07,False,4,1,1,2,0,False,국제학부 중국통상학전공,7,1,80,7,96,10,65,10,False,,,
17000019,김도윤,27,male,False,03,09,01,06,False,1,7,2,2,1,False,자유전공학부,4,1,4,16,58,94,87,39,False,,,
24000023,이유나,22,female,False,23,11,23,11,False,2,1,3,7,1,False,국제학부 중국통상학전공,5,1,25,68,4,58,94,61,False,,,
21000032,손예린,21,female,False,01,10,03,09,False,7,5,4,3,0,False,역사학과,3,1,89,80,24,10,41,32,False,,,
17000020,최지안,20,female,False,22,06,00,06,False,4,1,2,7,1,True,국어국문학과,3,1,8,79,0,59,0,2,False,,,
18000023,김시우,20,male,True,22,11,,,True,2,1,4,4,1,True,국제학부 일어일문학전공,4,1,91,4,83,88,47,40,False,,,
22000032,진서윤,23,female,False,23,06,22,08,False,7,0,4,7,0,False,역사학과,7,0,98,36,84,99,47,91,False,,,
25000028,김도윤,25,male,True,00,07,23,11,False,5,2,1,4,0,True,국어국문학과,3,1,26,93,42,75,37,52,False,,,
24000024,오예린,27,female,False,00,11,22,10,False,5,4,4,6,1,False,국제학부 일어일문학전공,1,0,94,43,79,96,33,62,False,,,
22000033,노시윤,20,male,False,22,10,,,True,6,0,1,2,1,True,국제학부 일어일문학전공,6,0,79,87,25,49,19,71,False,,,
21000033,김지민,27,female,True,02,07,02,11,False,1,6,4,7,0,True,자유전공학부,5,0,80,60,22,79,94,85,False,,,
21000034,송현우,25,male,True,01,08,00,10,False,5,1,4,5,1,True,자유전공학부,3,0,33,92,27,25,85,61,False,,,
21000035,서민서,27,female,False,00,08,02,09,False,2,0,2,4,1,True,국제학부 영어데이터융합전공,2,0,13,41,95,27,61,13,False,,,
25000029,김은서,28,female,True,00,09,00,09,False,7,6,3,7,1,False,국제학부 영어데이터융합전공,6,0,85,33,59,73,63,96,False,,,
18000024,김유나,21,female,False,03,07,,,True,7,1,1,3,1,False,국제학부 일어일문학전공,7,1,97,3,22,30,2,83,False,,,
19000025,이민준,26,male,True,22,06,,,True,2,0,3,4,0,True,역사학과,7,1,2,16,94,62,9,78,False,,,
23000019,김지우,25,female,True,01,08,00,08,False,0,7,1,7,1,True,역사학과,5,0,38,93,84,52,80,34,False,,,
20000024,류민서,26,female,False,01,08,00,08,False,7,2,5,6,0,True,자유전공학부,5,0,27,42,65,76,49,72,False,,,
19000026,오시윤,26,male,False,23,07,,,True,4,5,3,6,0,False,국제학부 영어데이터융합전공,6,1,37,59,56,35,4,43,False,,,
24000025,이준우,25,male,False,02,11,22,10,False,0,0,1,7,0,False,국제학부 영어데이터융합전공,4,0,43,15,96,65,100,60,False,,,
20000025,한민준,26,male,True,22,09,01,09,False,2,6,2,2,1,True,국제학부 일어일문학전공,6,1,9,2,6,98,62,48,False,,,
25000030,권유준,21,male,False,23,07,02,10,False,6,6,3,5,1,False,국제학부 일어일문학전공,3,1,43,84,35,75,42,14,False,,,
25000031,박지훈,28,male,True,02,11,23,07,False,4,7,4,1,0,False,국제학부 일어일문학전공,3,1,3,70,60,99,91,77,False,,,
22000034,박은서,25,female,True,00,09,,,True,7,7,4,6,0,False,국어국문학과,4,0,16,2,69,45,39,86,False,,,
21000036,윤서윤,22,female,False,00,11,,,True,3,1,3,7,0,True,국제학부 일어일문학전공,5,1,25,78,45,84,22,69,False,,,
21000037,이시우,25,male,False,00,06,,,True,7,3,2,4,0,False,교육학과,5,0,82,42,57,76,6,17,False,,,
19000027,이서연,28,female,True,00,11,,,True,3,3,1,4,1,True,교육학과,6,0,20,38,6,56,97,20,False,,,
25000032,고지민,23,female,True,23,10,01,10,False,7,1,5,2,1,True,국제학부 중국통상학전공,6,0,20,29,20,96,8,4,False,,,
20000026,이유준,28,male,True,02,10,00,11,False,4,6,5,6,0,True,역사학과,6,0,22,74,47,61,80,57,False,,,
21000038,김서연,28,female,False,00,06,02,06,False,6,5,5,3,0,False,국제학부 중국통상학전공,4,1,36,23,17,81,88,16,False,,,
23000020,황은우,20,male,False,00,06,23,07,False,0,2,4,1,1,True,역사학과,1,1,54,18,63,57,18,100,False,,,
21000039,김지우,20,female,True,02,06,01,08,False,4,1,3,6,1,True,국제학부 영어데이터융합전공,2,1,31,27,83,77,22,44,False,,,
19000028,이민서,27,female,False,22,06,,,True,5,5,3,6,1,True,국제학부 일어일문학전공,1,0,70,12,71,99,43,65,False,,,
24000026,김서윤,25,female,True,22,08,03,06,False,4,3,5,5,1,False,국제학부 영어데이터융합전공,7,0,82,56,74,30,3,1,False,,,
23000021,한서연,25,female,False,22,06,00,09,False,4,2,3,1,1,True,국제학부 중국통상학전공,5,0,8,30,90,90,29,71,False,,,
23000022,유민수,21,male,False,03,10,03,08,False,2,3,4,4,0,False,국제학부 영어데이터융합전공,6,1,64,76,79,81,89,70,False,,,
25000033,김지민,22,female,False,23,07,00,11,False,6,0,2,3,1,True,자유전공학부,5,0,65,91,36,23,7,16,False,,,
19000029,류서윤,24,female,False,01,06,00,06,False,4,6,5,2,0,True,역사학과,1,0,93,98,27,90,61,86,False,,,
21000040,권지우,26,female,False,01,08,01,07,False,3,0,5,7,1,False,자유전공학부,5,0,57,52,92,55,6,45,False,,,
17000021,한지안,28,female,False,01,06,03,09,False,6,7,4,2,1,False,국제학부 일어일문학전공,1,0,24,62,82,24,37,17,False,,,
17000022,오지민,23,female,True,02,06,,,True,1,5,3,3,0,False,국어국문학과,2,1,27,38,24,66,40,89,False,,,
20000027,최현우,26,male,False,03,08,00,06,False,6,5,2,7,0,True,국제학부 일어일문학전공,5,1,91,23,64,62,89,8,False,,,
18000025,김유나,23,female,False,02,09,,,True,5,2,4,1,1,False,국제학부 영어데이터융합전공,1,1,12,100,86,16,69,94,False,,,
22000035,황소윤,26,female,False,03,10,,,True,2,6,1,6,1,False,국제학부 중국통상학전공,5,0,23,30,92,12,87,28,False,,,
17000023,차지민,26,female,False,02,06,01,10,False,2,1,4,5,1,False,국제학부 일어일문학전공,1,0,99,1,95,63,58,23,False,,,
21000041,박유나,27,female,True,22,10,,,True,6,0,4,5,1,False,국제학부 일어일문학전공,1,0,83,64,78,15,2,59,False,,,
21000042,김시우,20,male,True,22,09,,,True,1,5,4,3,0,True,국제학부 중국통상학전공,1,1,30,3,39,75,4,12,False,,,
22000036,박소윤,24,female,True,23,09,01,06,False,2,1,1,6,1,False,자유전공학부,7,1,83,96,73,63,49,33,False,,,
17000024,박현우,21,male,False,03,06,01,07,False,0,0,4,7,1,True,국제학부 영어데이터융합전공,1,0,94,50,50,44,55,20,False,,,
17000025,김민수,23,male,False,03,11,,,True,1,2,4,3,0,True,교육학과,3,0,28,23,66,43,38,52,False,,,
20000028,김채원,25,female,False,02,10,02,07,False,3,1,1,4,1,False,국제학부 영어데이터융합전공,3,0,38,62,99,18,70,64,False,,,
23000023,이채원,25,female,False,00,10,,,True,3,0,1,4,1,False,국어국문학과,2,1,55,60,47,68,15,41,False,,,
21000043,김서윤,22,female,False,00,08,00,06,False,4,5,1,5,1,True,국어국문학과,7,1,95,68,4,25,18,58,False,,,
24000027,안예은,22,female,False,00,06,03,06,False,6,4,5,5,0,True,자유전공학부,2,1,98,42,73,25,35,18,False,,,
21000044,최준우,25,male,False,23,11,,,True,2,5,1,5,1,False,국제학부 영어데이터융합전공,2,1,77,28,23,58,95,64,False,,,
19000030,류시윤,23,male,False,01,08,23,09,False,0,0,1,4,1,True,교육학과,6,1,98,54,54,19,11,99,False,,,
20000029,신시윤,25,male,False,02,11,01,09,False,4,2,1,7,1,False,국어국문학과,2,1,57,36,77,78,5,15,False,,,
23000024,박지민,21,female,False,23,10,,,True,7,7,2,6,1,False,국어국문학과,5,0,9,87,46,10,61,70,False,,,
20000030,안유나,27,female,True,00,07,23,07,False,0,1,1,3,0,True,국제학부 영어데이터융합전공,1,1,18,5,75,5,63,64,False,,,
21000045,장은서,21,female,False,03,09,03,11,False,6,7,3,6,1,False,국제학부 중국통상학전공,1,0,48,95,85,0,84,91,False,,,
23000025,김민수,25,male,False,23,11,,,True,5,4,3,4,0,True,국제학부 중국통상학전공,5,1,48,61,90,57,1,97,False,,,
19000031,고지안,22,female,False,22,06,22,08,False,0,2,3,3,0,False,국어국문학과,5,0,32,47,79,58,18,40,False,,,
20000031,고서준,24,male,True,01,08,00,07,False,6,7,3,4,1,True,역사학과,2,1,43,79,50,82,21,1,False,,,
20000032,김은서,22,female,False,23,07,,,True,6,7,3,4,0,False,국제학부 영어데이터융합전공,3,1,60,71,6,70,40,27,False,,,
21000046,김민수,26,male,True,22,09,02,09,False,7,5,5,7,0,True,교육학과,2,1,16,80,51,87,46,23,False,,,
25000034,이지훈,22,male,True,01,11,,,True,5,4,1,5,1,False,자유전공학부,7,1,8,60,58,61,32,10,False,,,
22000037,배다은,22,female,False,03,09,00,09,False,5,3,3,4,0,True,국제학부 영어데이터융합전공,2,1,86,96,13,81,37,99,False,,,
25000035,손서준,27,male,False,02,10,,,True,4,6,2,5,1,True,역사학과,5,0,51,52,95,63,89,3,False,,,
19000032,문재윤,20,male,False,23,06,02,11,False,4,1,4,4,1,False,자유전공학부,1,1,33,0,61,20,73,99,False,,,
22000038,이승현,20,male,False,22,09,,,True,4,1,2,4,0,True,국제학부 중국통상학전공,7,0,47,24,19,41,12,50,False,,,
22000039,김유준,21,male,True,01,11,,,True,2,3,4,7,0,False,국제학부 중국통상학전공,1,0,42,81,82,80,61,33,False,,,
23000026,윤준우,26,male,False,02,07,22,08,False,5,0,2,6,0,False,역사학과,1,1,44,76,0,99,41,10,False,,,
25000036,윤예은,26,female,False,01,09,02,09,False,0,6,5,3,1,True,국제학부 중국통상학전공,1,0,71,95,36,88,58,92,False,,,
18000026,김나연,24,female,False,01,09,,,True,2,3,2,6,0,True,국제학부 중국통상학전공,2,0,53,24,57,72,93,96,False,,,
18000027,황도윤,21,male,False,01,06,22,11,False,4,4,4,1,0,True,국제학부 일어일문학전공,2,0,44,50,2,12,79,0,False,,,
19000033,강지안,27,female,False,02,07,03,06,False,0,1,4,1,0,True,국제학부 영어데이터융합전공,5,1,24,52,12,33,85,2,False,,,
23000027,김시우,20,male,True,02,10,03,09,False,4,4,1,6,0,False,교육학과,6,1,3,9,29,78,52,47,False,,,
24000028,최시우,21,male,False,23,06,02,09,False,5,1,2,1,0,True,자유전공학부,4,1,27,34,86,56,59,30,False,,,
18000028,류승민,21,male,True,22,11,,,True,3,2,1,3,0,True,국어국문학과,1,0,21,91,50,76,23,90,False,,,
24000029,이지후,23,male,True,03,11,,,True,1,6,2,5,1,False,자유전공학부,6,0,64,33,99,18,44,13,False,,,
17000026,황민수,24,male,False,23,06,,,True,7,5,2,3,1,True,교육학과,2,1,96,45,77,59,63,95,False,,,
18000029,박지훈,23,male,True,03,06,02,10,False,3,1,1,5,0,False,국제학부 중국통상학전공,1,1,9,13,94,77,26,81,False,,,
23000028,한민서,21,female,False,03,08,22,06,False,6,7,3,6,1,True,역사학과,7,0,25,38,79,30,47,100,False,,,
21000047,이다은,20,female,False,01,10,,,True,0,6,5,7,1,True,국제학부 영어데이터융합전공,1,0,45,70,51,73,68,78,False,,,
21000048,김대현,26,male,True,02,09,,,True,6,0,3,7,0,True,역사학과,4,1,31,26,30,35,80,3,False,,,
18000030,최소윤,24,female,True,22,10,01,11,False,1,1,1,7,1,True,교육학과,5,0,75,52,77,0,57,26,False,,,
19000034,조예준,25,male,False,22,08,23,06,False,3,2,2,6,1,True,국제학부 중국통상학전공,7,0,38,13,7,89,37,5,False,,,
18000031,김서연,24,female,False,01,08,23,07,False,6,7,4,5,0,False,국어국문학과,3,0,61,75,73,83,48,87,False,,,
17000027,손민준,28,male,True,02,09,01,10,False,2,7,4,4,1,True,국어국문학과,2,1,22,54,52,0,34,80,False,,,
23000029,이수아,21,female,False,01,09,03,07,False,3,2,2,6,1,False,국제학부 일어일문학전공,3,0,61,32,79,27,4,36,False,,,
20000033,이준우,20,male,False,00,06,01,10,False,2,1,5,5,1,False,자유전공학부,4,1,54,37,45,73,92,18,False,,,
19000035,강예린,22,female,False,01,10,01,10,False,0,2,5,5,0,False,자유전공학부,2,1,74,23,38,9,20,100,False,,,
25000037,김다은,23,female,False,23,08,23,11,False,4,4,3,2,0,True,국어국문학과,5,1,37,83,39,36,23,10,False,,,
17000028,이예은,24,female,False,01,11,00,10,False,0,2,4,2,0,True,국제학부 중국통상학전공,4,1,84,80,84,92,64,58,False,,,
23000030,이시윤,22,male,True,03,10,,,True,5,2,2,4,0,False,국제학부 일어일문학전공,3,0,62,68,14,9,72,37,False,,,
22000040,이하준,28,male,False,02,11,03,10,False,4,5,2,2,1,True,국제학부 중국통상학전공,7,0,34,74,42,78,59,32,False,,,
23000031,장서연,22,female,False,23,11,22,09,False,4,2,5,5,1,True,국어국문학과,1,0,2,42,68,11,97,32,False,,,
25000038,김하준,24,male,False,03,06,,,True,7,0,3,7,0,False,국제학부 영어데이터융합전공,2,1,53,18,61,48,44,84,False,,,
22000041,최도윤,20,male,False,00,07,23,08,False,5,6,3,4,0,True,국제학부 일어일문학전공,1,1,78,93,65,81,91,37,False,,,
22000042,이시윤,23,male,False,03,09,03,11,False,0,5,5,2,1,False,국제학부 영어데이터융합전공,3,0,62,99,6,17,16,5,False,,,
22000043,오지민,25,female,False,22,07,,,True,6,2,1,2,1,False,자유전공학부,4,0,39,83,9,59,21,66,False,,,
25000039,최다은,27,female,False,01,08,02,07,False,7,7,4,5,1,True,국제학부 중국통상학전공,2,1,43,44,84,21,38,24,False,,,
23000032,김시윤,21,male,True,22,10,01,08,False,1,1,1,7,1,True,국제학부 영어데이터융합전공,7,0,96,90,3,10,51,77,False,,,
20000034,김지민,23,female,True,01,11,01,11,False,0,3,1,2,1,True,자유전공학부,3,1,73,96,23,88,1,66,False,,,
24000030,이현우,28,male,False,00,08,22,08,False,3,5,1,6,0,False,국제학부 일어일문학전공,7,0,38,75,84,62,17,99,False,,,
25000040,진하준,23,male,False,23,10,02,09,False,0,4,4,1,0,True,국제학부 일어일문학전공,3,0,36,44,74,95,96,87,False,,,
18000032,홍건우,23,male,False,23,09,23,06,False,5,0,4,7,1,True,자유전공학부,2,1,88,67,85,92,3,81,False,,,
18000033,김지민,24,female,False,01,10,01,08,False,2,2,2,7,1,True,국제학부 일어일문학전공,4,1,22,72,43,70,45,98,False,,,
18000034,권하준,24,male,False,03,06,02,09,False,1,7,2,4,1,False,국제학부 영어데이터융합전공,5,0,56,60,20,32,88,7,False,,,
23000033,김지우,21,female,False,00,06,03,06,False,1,2,1,4,0,False,역사학과,7,0,6,38,57,71,53,68,False,,,
20000035,박지훈,21,male,False,01,08,,,True,3,3,2,1,1,True,교육학과,5,1,11,68,70,58,74,60,False,,,
20000036,김서준,24,male,False,01,09,22,11,False,7,7,1,6,1,False,교육학과,5,1,12,76,99,93,50,98,False,,,
21000049,배예린,20,female,True,00,08,,,True,5,6,4,3,1,True,역사학과,3,1,6,27,0,21,95,58,False,,,
17000029,손예준,27,male,False,00,07,,,True,5,1,1,6,1,True,교육학과,2,0,99,18,12,29,75,24,False,,,
22000044,이현우,24,male,False,03,08,,,True,0,6,1,6,0,True,역사학과,2,1,50,49,19,53,61,7,False,,,
22000045,이소윤,27,female,False,00,08,,,True,5,7,1,2,1,True,국제학부 일어일문학전공,2,1,57,20,86,41,52,75,False,,,
21000050,이시우,21,male,True,01,06,01,09,False,0,2,3,6,0,False,국제학부 일어일문학전공,1,1,41,25,52,80,31,71,False,,,
24000031,최다은,26,female,False,22,06,,,True,7,5,4,4,0,False,국어국문학과,1,1,44,4,51,39,71,19,False,,,
17000030,정다은,22,female,False,23,11,01,11,False,0,0,2,6,1,True,국제학부 중국통상학전공,5,1,6,51,0,20,95,100,False,,,
18000035,이지후,26,male,False,03,06,01,08,False,1,2,2,1,0,True,국제학부 중국통상학전공,2,1,44,27,45,63,70,77,False,,,
20000037,오소윤,24,female,False,01,07,22,08,False,2,5,2,6,0,True,국제학부 일어일문학전공,7,0,78,20,42,89,69,96,False,,,
18000036,이도윤,27,male,False,01,06,23,07,False,7,3,4,4,0,True,국어국문학과,2,1,94,68,92,25,75,22,False,,,
20000038,신은우,25,male,True,02,08,01,08,False,4,3,1,3,1,False,국제학부 영어데이터융합전공,4,0,1,8,28,35,26,56,False,,,
24000032,김채원,22,female,True,03,09,03,09,False,3,2,5,6,0,True,역사학과,5,1,37,15,42,45,15,70,False,,,
23000034,김은우,23,male,False,22,10,23,08,False,2,6,3,4,1,True,국제학부 영어데이터융합전공,2,0,39,80,60,90,17,48,False,,,
24000033,박서연,22,female,False,02,11,01,09,False,1,4,2,6,1,False,국제학부 영어데이터융합전공,4,0,89,51,85,7,35,85,False,,,
23000035,이지훈,24,male,False,02,07,,,True,4,6,5,1,0,False,자유전공학부,3,0,69,61,30,20,26,46,False,,,
25000041,황재윤,22,male,False,23,10,,,True,6,1,2,1,1,False,국제학부 영어데이터융합전공,2,0,6,17,80,18,66,92,False,,,
24000034,윤서윤,22,female,False,00,06,01,09,False,5,0,1,2,0,False,국어국문학과,1,0,5,41,31,27,78,59,False,,,
23000036,최지후,20,male,False,01,07,22,10,False,0,0,5,2,1,False,국제학부 영어데이터융합전공,6,1,45,59,75,3,37,100,False,,,
21000051,박은서,21,female,False,23,09,23,07,False,4,6,3,6,0,True,교육학과,6,1,42,45,16,55,9,58,False,,,
21000052,최나연,21,female,False,03,07,02,07,False,0,3,5,7,0,True,교육학과,7,0,61,74,72,92,48,92,False,,,
25000042,윤재윤,25,male,False,01,07,,,True,3,3,1,2,1,False,자유전공학부,6,0,78,14,39,9,67,64,False,,,
24000035,박다은,23,female,False,01,09,22,08,False,0,0,3,5,0,False,국제학부 영어데이터융합전공,5,1,68,12,6,40,41,15,False,,,
21000053,김지후,20,male,False,02,11,22,06,False,7,3,3,7,0,True,국제학부 일어일문학전공,3,1,35,49,75,87,89,47,False,,,
18000037,김유준,25,male,False,22,06,,,True,4,2,4,6,1,False,역사학과,5,0,34,1,57,75,79,47,False,,,
18000038,김예린,27,female,False,00,10,01,09,False,2,2,2,5,0,False,국제학부 중국통상학전공,5,1,47,67,46,63,7,86,False,,,
17000031,박지우,24,female,False,00,06,23,06,False,7,4,4,2,0,True,자유전공학부,7,1,56,18,97,48,53,4,False,,,
18000039,이지훈,25,male,False,02,09,00,10,False,3,1,2,7,0,True,국제학부 영어데이터융합전공,5,1,21,50,28,9,77,79,False,,,
22000046,박하윤,24,female,False,01,07,23,10,False,4,1,5,4,1,False,교육학과,3,0,2,81,100,19,100,59,False,,,
20000039,김예린,22,female,False,02,08,03,07,False,4,0,5,4,0,True,역사학과,3,0,74,73,19,73,37,33,False,,,
25000043,박채원,25,female,True,00,07,,,True,2,3,4,6,0,False,교육학과,2,0,41,54,9,86,8,90,False,,,
18000040,이서준,25,male,False,03,07,,,True,6,6,2,3,0,False,자유전공학부,1,1,49,66,94,65,44,6,False,,,
17000032,김시우,28,male,False,23,06,22,07,False,6,3,1,2,1,False,국어국문학과,6,1,63,86,72,14,30,80,False,,,
18000041,윤채원,24,female,False,22,06,01,07,False,5,1,1,2,1,True,역사학과,6,0,32,3,33,86,35,72,False,,,
23000037,김현우,22,male,False,00,07,,,True,1,6,3,1,1,False,국어국문학과,6,1,38,41,18,3,12,54,False,,,
23000038,배유나,26,female,True,03,08,02,08,False,3,7,4,4,0,False,자유전공학부,2,1,30,33,40,74,30,16,False,,,
22000047,이지후,26,male,False,02,10,03,08,False,1,6,5,2,0,False,국제학부 중국통상학전공,3,0,62,27,7,1,99,23,False,,,
21000054,송지후,26,male,True,00,10,23,06,False,7,4,3,5,0,True,국제학부 일어일문학전공,3,1,27,1,7,52,29,51,False,,,
18000042,김예준,25,male,False,22,11,02,08,False,2,7,4,3,0,False,국제학부 영어데이터융합전공,3,1,46,58,51,45,89,12,False,,,
23000039,박도윤,20,male,True,01,07,23,11,False,2,3,1,1,0,True,국제학부 일어일문학전공,3,0,25,88,0,41,74,61,False,,,
22000048,박지민,22,female,True,01,06,23,09,False,7,5,1,4,1,True,국제학부 일어일문학전공,5,1,11,6,50,28,76,2,False,,,
20000040,김민서,26,female,False,02,10,,,True,6,6,1,5,1,False,자유전공학부,3,1,71,19,33,34,11,73,False,,,
23000040,최채원,27,female,False,01,07,23,09,False,4,7,4,4,1,True,교육학과,2,0,66,92,44,40,22,17,False,,,
21000055,권민수,22,male,False,01,08,00,10,False,3,2,3,3,1,False,국제학부 중국통상학전공,1,0,59,90,70,90,61,1,False,,,
22000049,김나연,25,female,False,01,09,02,08,False,2,2,2,5,0,False,국제학부 영어데이터융합전공,4,1,81,94,4,74,76,36,False,,,
19000036,박민수,21,male,False,03,09,,,True,7,2,3,2,0,False,역사학과,5,0,25,26,84,92,66,8,False,,,
21000056,한하윤,27,female,True,22,08,01,10,False,6,3,1,6,1,False,국제학부 영어데이터융합전공,6,1,61,17,53,8,84,92,False,,,
23000041,최채원,23,female,True,22,10,23,09,False,3,6,2,5,0,False,자유전공학부,4,0,12,37,17,72,54,84,False,,,
21000057,권건우,20,male,False,03,08,,,True,3,6,5,4,0,True,국제학부 영어데이터융합전공,7,1,11,80,86,30,21,9,False,,,
21000058,홍수아,20,female,False,02,08,,,True,1,2,3,5,1,False,자유전공학부,2,0,98,1,46,69,58,56,False,,,
17000033,양예린,27,female,False,02,11,00,09,False,1,5,3,3,1,True,자유전공학부,3,1,41,61,4,60,32,55,False,,,
21000059,한지안,28,female,False,23,09,01,08,False,5,4,3,3,0,False,교육학과,5,0,2,19,1,87,90,58,False,,,
24000036,한재윤,20,male,True,00,10,22,07,False,4,1,1,7,1,True,국제학부 영어데이터융합전공,6,0,78,88,55,86,44,17,False,,,
17000034,하예준,28,male,False,22,10,,,True,4,2,2,3,0,True,국어국문학과,2,0,41,72,58,78,2,74,False,,,
21000060,배지훈,20,male,True,01,09,23,10,False,0,1,5,5,0,False,국제학부 중국통상학전공,7,1,31,16,32,32,90,0,False,,,
20000041,강채원,25,female,True,01,10,01,07,False,1,0,3,3,1,False,자유전공학부,6,0,38,37,57,88,54,100,False,,,
25000044,최예준,25,male,False,03,07,,,True,1,7,4,2,1,True,자유전공학부,7,0,37,29,54,85,7,15,False,,,
25000045,박민준,25,male,False,00,08,,,True,3,5,1,6,1,False,국제학부 일어일문학전공,7,1,58,21,81,63,45,43,False,,,
22000050,홍지훈,23,male,False,23,09,00,11,False,6,7,3,5,1,True,교육학과,4,0,12,59,89,54,39,53,False,,,
18000043,안하윤,21,female,False,02,09,22,07,False,7,7,2,2,1,False,역사학과,2,0,19,60,25,85,43,59,False,,,
18000044,송예린,25,female,False,00,10,,,True,1,0,3,4,1,False,국제학부 일어일문학전공,7,0,62,47,18,49,38,51,False,,,
20000042,서서윤,23,female,False,01,10,,,True,6,4,3,1,0,True,국제학부 영어데이터융합전공,5,0,62,40,23,5,59,46,False,,,
17000035,이은우,27,male,False,03,10,02,07,False,6,0,5,1,0,True,국제학부 영어데이터융합전공,7,1,62,31,83,4,6,84,False,,,
22000051,하서연,25,female,False,23,10,,,True,5,3,2,7,0,True,국어국문학과,6,0,15,79,97,56,2,50,False,,,
18000045,장서윤,20,female,False,03,07,00,09,False,2,5,5,5,0,True,국어국문학과,5,1,23,16,10,21,61,89,False,,,
24000037,최시윤,25,male,True,22,09,23,07,False,1,1,2,5,1,True,자유전공학부,4,0,65,4,45,30,1,27,False,,,
23000042,진현우,23,male,False,23,07,00,07,False,4,4,3,4,0,True,국제학부 일어일문학전공,1,1,73,84,96,77,13,79,False,,,
19000037,이승민,25,male,False,00,10,,,True,2,6,1,7,0,True,국어국문학과,5,1,58,97,93,84,24,74,False,,,
17000036,이재윤,23,male,True,03,08,,,True,2,0,1,4,1,False,국제학부 중국통상학전공,2,0,92,84,25,2,52,78,False,,,
18000046,장도윤,23,male,False,01,10,02,10,False,2,3,5,2,0,False,국제학부 영어데이터융합전공,7,0,77,90,97,91,39,15,False,,,
20000043,박서준,26,male,True,00,10,,,True,7,0,1,3,0,False,국제학부 일어일문학전공,4,0,29,92,5,53,32,50,False,,,
21000061,홍채원,24,female,False,01,11,01,09,False,0,0,5,7,0,True,역사학과,2,1,48,27,89,83,23,66,False,,,
22000052,권유준,20,male,False,01,07,01,11,False,0,1,5,6,0,False,자유전공학부,3,1,36,39,39,80,70,83,False,,,
18000047,김다은,26,female,True,00,09,22,09,False,1,1,5,1,1,True,국제학부 일어일문학전공,4,0,52,94,80,92,32,35,False,,,
24000038,전민수,20,male,False,02,08,,,True,5,1,1,1,0,True,자유전공학부,1,1,86,44,21,84,3,80,False,,,
25000046,최은서,23,female,True,00,07,00,09,False,3,2,1,3,0,False,국제학부 영어데이터융합전공,3,0,8,78,38,44,67,15,False,,,
18000048,오서준,20,male,True,03,06,,,True,1,1,4,3,0,True,자유전공학부,6,0,79,40,63,61,12,26,False,,,
19000038,김하준,22,male,False,00,11,02,10,False,6,7,3,5,1,False,교육학과,6,0,39,14,78,85,74,74,False,,,
17000037,박예린,20,female,True,02,10,,,True,1,3,1,1,0,True,역사학과,6,0,6,73,0,23,83,78,False,,,
18000049,박하윤,20,female,False,22,10,02,06,False,2,6,5,4,0,False,자유전공학부,7,0,16,32,35,98,96,5,False,,,
18000050,윤지민,20,female,True,22,10,,,True,5,7,1,7,0,False,국제학부 일어일문학전공,7,1,18,16,98,99,95,5,False,,,
19000039,강민수,26,male,False,02,11,00,07,False,7,6,1,4,1,False,자유전공학부,5,0,65,78,59,63,73,25,False,,,
23000043,주지우,22,female,False,01,08,01,06,False,4,6,1,1,0,True,국제학부 중국통상학전공,4,0,61,45,71,34,66,69,False,,,
25000047,권지후,26,male,False,00,11,01,11,False,0,4,1,2,0,False,국제학부 일어일문학전공,4,1,47,7,73,97,4,90,False,,,
19000040,김준우,25,male,True,23,10,03,09,False,2,2,3,2,0,False,국제학부 일어일문학전공,7,1,21,34,5,17,51,91,False,,,
25000048,서예준,27,male,False,03,10,,,True,5,7,5,6,0,True,역사학과,6,1,84,54,26,90,33,90,False,,,
21000062,송은우,20,male,False,23,09,03,07,False,4,2,2,7,0,False,국어국문학과,4,1,22,8,9,94,0,44,False,,,
21000063,장지우,26,female,True,00,11,23,07,False,7,1,1,4,1,False,역사학과,7,0,39,86,80,11,59,84,False,,,
23000044,강도윤,26,male,False,23,11,,,True,2,7,5,7,1,True,국어국문학과,5,0,0,9,88,35,19,64,False,,,
25000049,강지우,25,female,True,00,10,,,True,5,3,3,1,0,True,국제학부 영어데이터융합전공,7,0,49,38,82,62,74,55,False,,,
20000044,김은서,23,female,True,02,09,,,True,2,5,2,6,0,True,역사학과,7,0,13,73,7,76,87,35,False,,,
25000050,문시우,21,male,False,00,06,,,True,3,3,5,2,1,False,국제학부 일어일문학전공,5,0,74,14,44,84,15,61,False,,,
24000039,이승현,26,male,False,22,08,03,08,False,5,1,1,1,1,False,역사학과,4,0,35,14,75,61,91,79,False,,,
20000045,손시우,26,male,True,00,11,23,08,False,6,3,1,1,1,False,역사학과,6,1,93,98,85,39,17,22,False,,,
24000040,김하윤,23,female,False,00,11,03,09,False,7,0,2,4,0,True,국제학부 중국통상학전공,3,0,62,55,49,80,86,73,False,,,
18000051,차예준,27,male,True,23,10,00,06,False,0,2,4,1,1,False,역사학과,7,0,46,70,28,33,19,37,False,,,
17000038,이현우,26,male,False,01,08,,,True,5,1,3,4,0,True,국제학부 중국통상학전공,5,1,54,70,55,82,90,12,False,,,
17000039,허수아,24,female,True,22,08,22,07,False,2,5,5,7,0,False,교육학과,5,0,16,47,75,20,2,55,False,,,
25000051,김하준,20,male,False,23,07,23,07,False,2,2,3,7,1,True,교육학과,2,1,61,78,4,58,92,86,False,,,
25000052,이지우,21,female,False,02,08,03,08,False,7,3,1,6,1,True,국제학부 영어데이터융합전공,1,0,22,12,41,77,100,99,False,,,
23000045,이하준,27,male,True,22,06,01,09,False,6,6,2,7,0,True,국제학부 중국통상학전공,6,0,22,95,93,88,49,20,False,,,
18000052,박지우,20,female,False,01,08,,,True,4,2,4,5,1,False,자유전공학부,7,1,40,86,97,79,7,27,False,,,
22000053,최서준,24,male,False,02,10,,,True,2,5,5,4,1,False,역사학과,3,0,11,59,20,0,0,98,False,,,
24000041,김재윤,22,male,False,23,09,02,07,False,2,6,3,5,0,True,자유전공학부,7,1,67,42,3,60,53,25,False,,,
19000041,김현우,28,male,True,02,08,,,True,4,3,1,6,1,True,역사학과,4,0,91,24,8,26,46,70,False,,,
21000064,김시우,25,male,False,00,08,03,09,False,1,0,3,5,1,False,국제학부 영어데이터융합전공,6,0,7,69,43,86,1,16,False,,,
21000065,김윤서,22,female,False,03,08,03,06,False,4,1,3,3,0,False,국제학부 중국통상학전공,5,1,36,90,38,94,0,53,False,,,
21000066,김채원,20,female,False,22,10,02,10,False,0,2,2,7,0,True,자유전공학부,3,0,51,42,53,81,30,22,False,,,
20000046,윤나연,24,female,True,02,08,03,09,False,5,1,5,7,0,True,국제학부 영어데이터융합전공,1,1,5,12,81,71,0,36,False,,,
22000054,정유준,21,male,False,03,07,01,11,False,0,6,2,1,1,True,국제학부 영어데이터융합전공,2,0,42,49,66,73,22,87,False,,,
24000042,박은우,28,male,False,03,11,02,08,False,1,3,4,6,0,True,자유전공학부,4,0,0,76,34,50,11,7,False,,,
24000043,이승민,24,male,False,02,08,00,08,False,4,7,1,7,0,True,자유전공학부,3,0,93,74,48,94,23,73,False,,,
24000044,이민수,27,male,False,01,09,,,True,3,2,3,5,1,False,국제학부 영어데이터융합전공,6,0,12,40,8,30,53,62,False,,,
20000047,이예준,26,male,True,02,07,22,10,False,4,4,1,5,0,True,국제학부 영어데이터융합전공,6,1,97,71,18,30,62,2,False,,,
23000046,이대현,26,male,True,23,11,23,06,False,4,6,5,1,0,True,국제학부 중국통상학전공,7,1,29,58,24,15,57,3,False,,,
24000045,하시우,26,male,False,03,07,23,10,False,4,7,1,3,1,False,역사학과,7,1,85,42,32,93,15,79,False,,,
21000067,박서연,24,female,False,01,06,,,True,2,3,1,6,0,False,국제학부 일어일문학전공,4,0,87,83,77,14,24,74,False,,,
17000040,오유준,21,male,False,03,08,,,True,6,5,2,3,0,True,자유전공학부,7,0,82,16,96,7,90,27,False,,,
24000046,김승현,26,male,True,03,06,03,06,False,0,4,5,4,1,True,국제학부 중국통상학전공,4,0,45,68,91,80,57,41,False,,,
24000047,박예은,27,female,False,02,11,,,True,2,1,3,4,0,True,국제학부 중국통상학전공,5,0,5,33,49,98,71,69,False,,,
25000053,박다은,21,female,False,01,10,,,True,7,3,5,7,1,False,국제학부 영어데이터융합전공,6,1,21,84,91,71,22,29,False,,,
20000048,엄승민,23,male,False,22,10,23,11,False,4,4,1,5,1,False,자유전공학부,5,1,44,30,1,8,46,85,False,,,
19000042,류하윤,20,female,False,00,06,03,09,False,6,5,5,4,0,True,국제학부 일어일문학전공,7,0,92,47,24,58,34,38,False,,,
19000043,우서윤,27,female,False,22,06,22,10,False,5,5,5,4,0,True,국제학부 일어일문학전공,7,1,60,14,89,46,32,76,False,,,
20000049,배나연,23,female,False,00,11,01,09,False,5,0,1,3,1,False,국어국문학과,1,1,22,83,2,49,77,21,False,,,
20000050,손유나,27,female,False,23,07,,,True,7,0,2,6,0,True,교육학과,5,1,0,70,17,2,17,28,False,,,
20000051,김지훈,28,male,True,22,07,01,09,False,3,6,4,1,0,True,국제학부 일어일문학전공,1,0,48,31,39,62,1,33,False,,,
22000055,강서준,25,male,False,23,06,,,True,7,6,1,5,1,False,국제학부 영어데이터융합전공,2,0,31,45,85,46,35,2,False,,,
20000052,박지후,28,male,True,03,08,,,True,2,0,4,3,0,True,국제학부 중국통상학전공,5,0,44,100,20,46,32,24,False,,,
20000053,최승현,21,male,False,03,08,23,11,False,1,6,1,5,0,False,국제학부 중국통상학전공,7,1,37,40,82,57,50,32,False,,,
19000044,이예은,25,female,False,22,07,03,07,False,0,0,2,7,0,False,자유전공학부,2,1,17,66,52,91,96,46,False,,,
21000068,김소윤,24,female,False,01,11,03,09,False,1,2,3,1,1,False,국어국문학과,2,0,66,87,58,47,53,89,False,,,
23000047,주다은,25,female,True,03,08,02,10,False,6,2,1,5,1,False,국제학부 일어일문학전공,7,0,27,12,91,5,58,91,False,,,
19000045,이현우,22,male,False,00,11,02,10,False,1,5,2,2,0,False,교육학과,4,0,33,31,4,10,42,29,False,,,
19000046,이승민,21,male,False,03,09,03,06,False,6,0,5,7,1,False,역사학과,3,1,54,77,52,40,11,32,False,,,
19000047,최나연,26,female,False,01,11,01,06,False,5,5,5,1,1,True,역사학과,3,1,45,20,30,46,56,97,False,,,
25000054,백예준,25,male,False,01,06,02,09,False,7,6,1,5,1,False,자유전공학부,6,1,48,42,8,80,0,55,False,,,
23000048,박유나,28,female,True,03,06,,,True,0,6,2,6,1,True,역사학과,7,0,8,6,51,0,48,61,False,,,
19000048,심유준,21,male,False,03,08,,,True,1,0,3,2,1,True,국제학부 영어데이터융합전공,6,1,21,22,69,48,28,19,False,,,
20000054,류서준,23,male,False,00,06,,,True,6,6,1,4,1,True,국제학부 일어일문학전공,4,1,63,57,41,34,100,35,False,,,
22000056,김준우,27,male,False,22,09,,,True,4,7,1,5,1,False,자유전공학부,2,0,4,20,4,12,92,8,False,,,
21000069,김대현,22,male,False,23,08,,,True,4,4,4,6,0,False,국제학부 영어데이터융합전공,6,1,88,55,55,82,41,41,False,,,
24000048,박민서,22,female,False,00,09,22,08,False,3,5,5,3,0,True,자유전공학부,6,1,100,67,0,60,79,91,False,,,
22000057,최예은,24,female,False,22,07,,,True,5,4,2,5,0,False,국제학부 중국통상학전공,1,0,98,16,99,7,37,81,False,,,
21000070,박서연,20,female,False,01,08,23,10,False,3,2,1,1,0,True,국제학부 중국통상학전공,7,0,64,80,45,36,73,15,False,,,
24000049,이예준,25,male,False,00,06,03,09,False,6,6,3,7,0,False,국제학부 중국통상학전공,6,0,51,10,15,52,2,69,False,,,
23000049,이하준,24,male,False,02,11,,,True,0,1,4,4,1,True,역사학과,7,1,64,86,95,5,70,77,False,,,
20000055,최승현,20,male,False,02,06,22,06,False,0,1,3,4,0,True,국제학부 영어데이터융합전공,6,1,33,48,76,97,95,28,False,,,
25000055,이은서,22,female,True,02,07,,,True,4,4,2,2,0,True,국제학부 일어일문학전공,3,0,10,88,81,99,16,34,False,,,
17000041,김시윤,25,male,False,00,08,02,07,False,7,5,1,3,1,False,교육학과,1,0,99,60,46,44,17,86,False,,,
23000050,장은서,28,female,True,00,09,23,08,False,5,7,1,4,0,True,역사학과,7,0,93,5,33,98,84,70,False,,,
25000056,지시우,25,male,True,02,10,03,11,False,4,6,1,7,0,True,역사학과,1,0,47,45,61,47,60,2,False,,,
17000042,김대현,26,male,False,02,06,,,True,3,4,2,6,1,True,자유전공학부,3,1,8,87,43,38,32,71,False,,,
18000053,이민준,22,male,False,01,08,,,True,5,0,5,5,0,False,자유전공학부,5,1,56,97,50,0,29,22,False,,,
19000049,이서준,22,male,False,00,11,,,True,5,0,5,7,0,False,국제학부 영어데이터융합전공,3,1,99,40,59,16,39,15,False,,,
25000057,장대현,21,male,False,23,07,23,11,False,7,1,3,1,1,True,역사학과,5,0,61,2,81,54,53,72,False,,,
17000043,조예린,24,female,False,03,10,,,True,1,6,2,5,1,True,자유전공학부,1,0,79,68,66,86,8,34,False,,,
18000054,장민준,22,male,False,22,06,23,09,False,6,7,5,2,1,False,교육학과,2,1,53,57,11,2,42,9,False,,,
17000044,김나연,25,female,False,01,06,00,06,False,6,1,1,1,0,False,국제학부 중국통상학전공,7,1,21,74,34,82,20,49,False,,,
22000058,김승현,20,male,False,02,06,00,10,False,3,2,4,5,1,True,국어국문학과,7,1,11,60,51,35,56,13,False,,,
25000058,서재윤,23,male,False,03,11,01,06,False,6,4,2,4,1,True,국어국문학과,1,1,23,31,0,61,39,84,False,,,
20000056,김민준,27,male,True,01,07,,,True,3,0,3,2,0,True,국제학부 일어일문학전공,2,0,47,100,43,93,31,94,False,,,
25000059,이예은,27,female,False,22,11,03,11,False,5,0,3,5,0,True,교육학과,4,0,58,40,8,56,64,95,False,,,
25000060,오예린,20,female,False,03,06,03,11,False,5,3,3,3,1,True,국제학부 영어데이터융합전공,4,0,29,65,12,34,96,95,False,,,
22000059,황윤서,23,female,True,23,06,01,09,False,0,3,4,1,0,False,자유전공학부,1,1,15,42,32,98,40,80,False,,,
22000060,백시우,27,male,False,00,10,,,True,3,7,3,4,0,True,교육학과,1,1,23,69,43,49,9,49,False,,,
22000061,이예은,26,female,False,03,07,00,11,False,6,1,4,2,0,True,역사학과,4,0,96,91,23,86,65,47,False,,,
19000050,한은서,23,female,True,23,07,01,07,False,7,6,2,4,1,False,국제학부 일어일문학전공,5,0,89,100,53,61,72,9,False,,,
17000045,오소윤,20,female,False,02,11,23,08,False,0,1,4,4,1,True,국어국문학과,4,1,44,74,52,16,33,77,False,,,
24000050,김서연,22,female,False,22,06,22,07,False,0,2,4,6,0,True,국제학부 영어데이터융합전공,4,1,94,41,59,72,31,52,False,,,
19000051,서건우,28,male,True,23,06,00,09,False,7,7,4,1,0,True,국제학부 일어일문학전공,6,1,91,24,35,86,13,7,False,,,
18000055,하시우,20,male,True,23,11,00,06,False,1,1,4,4,1,False,국제학부 중국통상학전공,1,0,100,46,88,26,74,95,False,,,
22000062,이지우,23,female,True,22,10,22,11,False,4,3,2,3,0,False,역사학과,1,1,100,79,2,57,43,99,False,,,
25000061,이시우,24,male,True,00,06,03,11,False,3,3,5,3,1,True,자유전공학부,7,0,96,75,76,10,1,19,False,,,
17000046,최하윤,21,female,False,03,07,,,True,1,6,4,5,0,False,국제학부 중국통상학전공,6,0,58,23,78,32,10,60,False,,,
17000047,허건우,21,male,True,22,08,23,09,False,6,4,3,2,0,True,국제학부 중국통상학전공,4,0,36,22,21,9,89,79,False,,,
17000048,박유나,27,female,False,22,07,02,09,False,3,1,5,2,0,True,국제학부 영어데이터융합전공,7,1,30,66,37,61,86,1,False,,,
20000057,박유나,27,female,False,01,11,,,True,4,4,2,1,0,True,자유전공학부,4,0,91,22,23,16,60,90,False,,,
21000071,강민서,27,female,False,23,10,00,08,False,3,4,4,3,0,True,국어국문학과,6,1,35,55,40,6,96,60,False,,,
24000051,박나연,22,female,False,23,06,,,True,0,3,5,5,0,True,국제학부 중국통상학전공,1,1,71,71,37,46,52,23,False,,,
21000072,이서준,25,male,False,00,11,22,11,False,2,3,3,7,0,False,국제학부 영어데이터융합전공,3,0,81,71,8,64,31,87,False,,,
24000052,박예은,27,female,True,23,07,22,10,False,6,1,4,1,0,False,국제학부 중국통상학전공,3,1,95,4,57,12,23,30,False,,,
22000063,송유나,21,female,False,23,08,23,07,False,2,2,4,4,0,False,국어국문학과,2,1,71,73,59,45,79,81,False,,,
24000053,고승민,20,male,True,01,11,02,11,False,6,0,4,3,0,True,국어국문학과,7,0,20,0,48,11,50,95,False,,,
25000062,박서윤,27,female,False,03,10,01,10,False,0,4,3,5,1,False,역사학과,4,1,65,5,9,54,78,25,False,,,
19000052,김민서,23,female,False,03,10,23,06,False,0,5,3,7,1,True,국제학부 영어데이터융합전공,5,0,50,96,89,46,69,13,False,,,
24000054,오채원,20,female,False,02,09,00,11,False,5,1,3,7,0,True,역사학과,2,1,25,23,7,56,41,14,False,,,
23000051,유승현,21,male,True,23,09,00,10,False,5,0,1,5,1,False,국어국문학과,2,0,53,19,89,38,41,36,False,,,
25000063,배서준,24,male,False,01,07,23,07,False,5,2,2,5,1,True,국제학부 중국통상학전공,4,0,3,9,46,48,15,87,False,,,
18000056,김지안,21,female,False,03,10,03,11,False,4,7,4,1,0,True,역사학과,6,1,68,53,84,65,79,21,False,,,
17000049,송지후,25,male,False,02,11,,,True,5,2,1,2,1,False,국제학부 중국통상학전공,3,0,40,12,40,55,61,63,False,,,
18000057,김서준,26,male,False,23,09,02,06,False,5,2,4,1,0,True,교육학과,7,0,21,99,63,74,41,83,False,,,
24000055,신예린,27,female,True,23,09,,,True,1,2,1,7,1,False,역사학과,2,1,94,24,0,53,53,20,False,,,
25000064,김채원,27,female,False,01,10,,,True,6,2,2,1,1,True,교육학과,6,1,53,91,10,3,31,43,False,,,
18000058,김건우,26,male,False,00,09,,,True,1,2,3,6,1,True,국어국문학과,2,0,91,14,38,15,91,28,False,,,
20000058,한서윤,20,female,True,01,11,00,07,False,7,5,4,2,0,False,국제학부 중국통상학전공,4,0,83,36,35,76,54,12,False,,,
22000064,박은우,21,male,True,01,06,00,10,False,1,4,2,4,1,False,역사학과,1,1,23,40,22,83,96,78,False,,,
21000073,김현우,28,male,True,01,08,03,11,False,3,6,2,2,0,False,국제학부 중국통상학전공,4,0,60,0,35,15,1,49,False,,,
25000065,문대현,28,male,False,02,11,00,09,False,7,7,1,6,0,False,국제학부 영어데이터융합전공,1,0,23,68,38,52,77,36,False,,,
20000059,허나연,25,female,True,22,06,23,07,False,7,0,3,5,0,True,국제학부 영어데이터융합전공,6,1,71,67,67,57,14,100,False,,,
25000066,김다은,24,female,False,23,10,01,10,False,5,1,3,7,0,False,국제학부 일어일문학전공,3,1,94,36,31,91,17,81,False,,,
20000060,서윤서,25,female,False,01,10,23,06,False,6,0,4,1,0,False,국제학부 일어일문학전공,5,1,88,27,97,50,13,41,False,,,
22000065,박은서,22,female,True,03,10,,,True,6,1,2,7,1,True,국제학부 영어데이터융합전공,2,0,67,71,84,95,46,82,False,,,
25000067,강유나,21,female,False,00,06,01,07,False,1,4,5,2,0,True,국제학부 영어데이터융합전공,4,1,13,43,1,15,58,7,False,,,
22000066,이서연,22,female,False,01,11,22,10,False,2,7,3,3,0,True,국어국문학과,1,0,72,24,63,98,48,93,False,,,
20000061,주지안,20,female,False,23,11,03,08,False,5,3,4,6,0,False,역사학과,4,0,45,41,89,87,15,53,False,,,
17000050,장현우,25,male,False,01,11,,,True,6,4,4,7,1,True,국제학부 중국통상학전공,7,1,18,61,96,65,85,65,False,,,
19000053,김건우,23,male,False,23,09,01,09,False,4,0,3,2,0,True,국제학부 중국통상학전공,2,0,66,29,59,95,57,83,False,,,
24000056,박예준,23,male,False,23,08,02,09,False,0,2,2,7,0,False,국제학부 영어데이터융합전공,5,0,18,64,26,48,30,14,False,,,
21000074,이현우,20,male,False,02,06,02,11,False,1,3,4,3,1,True,자유전공학부,5,1,43,89,68,57,89,39,False,,,
25000068,윤유준,27,male,True,23,07,02,10,False,2,3,5,1,1,True,국제학부 일어일문학전공,3,1,77,98,1,49,86,13,False,,,
21000075,박예린,25,female,False,03,11,,,True,0,3,3,4,1,False,국제학부 일어일문학전공,3,0,32,9,90,50,17,21,False,,,
20000062,김승민,28,male,False,01,06,01,10,False,1,4,3,3,1,False,국어국문학과,5,1,10,10,68,92,82,45,False,,,
20000063,허수아,27,female,False,01,09,,,True,4,3,4,4,1,True,국제학부 중국통상학전공,4,1,64,61,97,6,44,33,False,,,
25000069,김대현,26,male,False,02,08,00,07,False,4,1,4,2,0,True,국어국문학과,5,1,89,3,58,34,71,37,False,,,
24000057,박대현,21,male,True,22,07,,,True,2,2,5,6,1,False,국제학부 중국통상학전공,6,1,94,52,19,92,87,22,False,,,
17000051,서채원,25,female,True,01,06,23,11,False,6,5,4,2,0,False,국제학부 일어일문학전공,5,1,99,88,84,17,10,100,False,,,
23000052,곽시윤,27,male,False,22,10,23,06,False,4,2,4,5,1,False,국제학부 일어일문학전공,1,0,20,75,8,35,80,18,False,,,
25000070,김지후,22,male,False,02,09,02,06,False,0,1,3,6,0,False,국어국문학과,7,1,76,13,96,33,12,53,False,,,
17000052,이건우,28,male,False,03,10,02,10,False,7,6,5,3,0,True,국어국문학과,6,1,98,47,83,58,100,19,False,,,
21000076,김시우,24,male,False,23,07,23,09,False,2,6,4,2,0,True,국어국문학과,3,0,96,88,33,82,28,4,False,,,
22000067,최지민,27,female,True,22,10,22,09,False,0,5,1,2,0,False,국제학부 영어데이터융합전공,5,0,100,23,69,40,69,90,False,,,
18000059,이윤서,26,female,False,01,07,22,07,False,1,6,3,3,0,True,국어국문학과,7,1,70,32,81,47,19,16,False,,,
25000071,김하준,23,male,False,02,10,,,True,6,3,5,1,1,False,국어국문학과,1,1,63,82,75,43,70,79,False,,,
24000058,허재윤,22,male,False,03,07,23,09,False,5,5,3,6,0,False,국제학부 일어일문학전공,4,1,36,62,74,91,55,4,False,,,
25000072,홍대현,21,male,False,03,09,22,10,False,2,0,3,2,0,True,교육학과,6,1,96,54,7,48,16,97,False,,,
19000054,박유나,28,female,False,02,10,03,07,False,7,4,4,7,0,True,국제학부 영어데이터융합전공,1,1,92,66,72,69,14,48,False,,,
22000068,윤하윤,24,female,False,01,08,00,10,False,5,2,4,7,0,False,교육학과,1,0,87,67,49,83,40,22,False,,,
18000060,이민서,26,female,True,03,06,00,06,False,7,0,1,6,0,False,국제학부 영어데이터융합전공,3,1,98,7,93,9,10,91,False,,,
20000064,허지후,24,male,True,02,11,02,07,False,7,4,2,4,0,True,국어국문학과,7,0,47,3,12,18,68,38,False,,,
23000053,유예린,20,female,False,02,08,,,True,0,4,2,3,1,True,자유전공학부,2,1,88,15,20,95,25,20,False,,,
21000077,조도윤,24,male,True,01,06,01,08,False,2,0,5,2,0,False,자유전공학부,7,1,37,54,54,95,86,39,False,,,
19000055,김지안,27,female,True,03,11,,,True,7,2,1,6,0,True,자유전공학부,4,0,95,20,70,21,36,10,False,,,
21000078,한승현,24,male,True,00,11,,,True,7,0,3,1,0,True,교육학과,1,0,47,45,81,9,4,51,False,,,
24000059,김유나,27,female,False,03,09,03,11,False,2,6,1,7,0,False,국어국문학과,2,1,69,22,66,57,0,47,False,,,
24000060,손하윤,27,female,True,03,08,22,08,False,3,5,1,2,0,False,자유전공학부,6,0,22,54,56,87,85,86,False,,,
21000079,손하윤,24,female,False,02,06,01,10,False,7,7,4,1,1,False,국어국문학과,1,1,83,21,24,38,0,75,False,,,
24000061,박윤서,23,female,True,00,08,02,07,False,7,0,3,1,0,False,국제학부 일어일문학전공,1,0,29,62,3,28,0,80,False,,,
25000073,이승민,24,male,False,02,09,,,True,4,2,2,3,0,True,국제학부 중국통상학전공,3,1,51,23,44,15,94,11,False,,,
19000056,임시우,20,male,True,22,09,23,11,False,7,4,4,4,0,False,교육학과,3,1,6,22,48,70,81,71,False,,,
17000053,김하준,22,male,False,00,06,,,True,4,2,4,7,0,True,국제학부 중국통상학전공,7,0,79,18,30,68,37,78,False,,,
22000069,김은우,24,male,False,01,10,,,True,5,0,4,6,0,False,국제학부 일어일문학전공,7,1,51,73,49,83,25,18,False,,,
20000065,권소윤,21,female,False,00,11,,,True,6,7,5,5,0,False,역사학과,3,0,57,98,79,99,43,60,False,,,
19000057,문은우,21,male,True,00,09,03,07,False,4,3,5,4,0,True,국제학부 일어일문학전공,2,0,29,99,96,69,100,15,False,,,
19000058,윤대현,23,male,True,03,11,02,11,False,1,2,4,6,0,False,국제학부 중국통상학전공,6,1,69,23,22,0,45,49,False,,,
20000066,배서연,21,female,False,00,06,,,True,3,3,3,2,0,False,국제학부 중국통상학전공,3,1,34,76,66,68,8,77,False,,,
23000054,이유준,22,male,True,23,08,01,06,False,4,6,3,3,1,True,국어국문학과,5,0,61,7,73,87,69,97,False,,,
18000061,김지민,23,female,False,22,08,22,11,False,0,4,5,6,0,True,국어국문학과,6,0,20,64,80,28,87,58,False,,,
18000062,김예준,21,male,False,23,07,,,True,1,2,2,4,1,False,교육학과,7,1,94,36,25,69,46,24,False,,,
19000059,서지후,28,male,False,00,08,,,True,3,7,3,6,1,False,국제학부 일어일문학전공,1,1,43,35,13,84,70,77,False,,,
18000063,류다은,20,female,False,23,07,,,True,7,7,2,5,1,True,국어국문학과,4,0,55,48,73,47,62,19,False,,,
24000062,이민수,23,male,False,00,08,01,06,False,2,3,3,3,1,False,자유전공학부,1,1,38,71,21,87,5,65,False,,,
20000067,김소윤,22,female,False,03,08,22,06,False,3,4,4,7,0,True,국제학부 중국통상학전공,4,0,49,83,32,45,31,93,False,,,
22000070,김지훈,28,male,False,03,06,00,09,False,4,0,1,4,0,False,국제학부 중국통상학전공,7,1,71,23,92,9,48,12,False,,,
25000074,안지후,21,male,True,03,08,00,06,False,5,6,3,1,1,False,자유전공학부,3,1,24,76,27,13,19,17,False,,,
18000064,김하준,21,male,False,03,06,22,10,False,3,1,4,7,1,False,국제학부 영어데이터융합전공,5,0,26,97,86,53,79,5,False,,,
24000063,정시윤,24,male,False,22,08,03,11,False,2,3,1,4,1,False,역사학과,6,0,22,46,86,11,30,19,False,,,
20000068,이윤서,22,female,False,22,11,03,11,False,6,5,1,5,0,False,국제학부 일어일문학전공,5,0,84,64,78,73,90,23,False,,,
20000069,황건우,27,male,False,02,10,,,True,4,4,4,3,1,True,자유전공학부,1,0,61,79,36,43,4,47,False,,,
22000071,이민서,26,female,False,00,10,01,07,False,5,2,5,5,0,True,국제학부 중국통상학전공,6,1,60,91,14,67,6,55,False,,,
17000054,강예준,27,male,True,22,11,03,07,False,1,1,3,2,0,False,국제학부 영어데이터융합전공,4,0,72,86,28,99,99,25,False,,,
20000070,김지후,27,male,False,03,10,,,True,7,7,2,2,1,True,국어국문학과,1,1,39,89,32,22,51,15,False,,,
19000060,구소윤,26,female,False,00,11,,,True,3,1,2,1,1,False,역사학과,5,1,17,67,7,47,53,47,False,,,
18000065,이나연,24,female,False,22,10,,,True,7,0,2,7,0,True,교육학과,2,1,66,42,54,92,23,77,False,,,
24000064,박서준,28,male,False,01,11,,,True,2,3,1,2,1,True,역사학과,5,0,11,24,64,88,94,98,False,,,
21000080,박수아,20,female,False,02,09,01,07,False,2,4,2,7,0,False,자유전공학부,4,1,77,27,84,63,89,39,False,,,
22000072,송윤서,27,female,False,02,11,00,08,False,0,7,1,7,0,True,역사학과,6,0,74,6,78,26,41,92,False,,,
17000055,권지후,26,male,True,23,08,,,True,4,7,3,2,1,True,국제학부 영어데이터융합전공,2,1,94,25,86,69,69,22,False,,,
22000073,고민준,24,male,True,23,07,,,True,2,4,3,3,0,True,역사학과,2,1,94,100,43,24,77,55,False,,,
24000065,윤민준,21,male,False,00,11,03,10,False,0,2,3,4,1,True,국제학부 일어일문학전공,6,0,88,83,69,81,55,87,False,,,
17000056,조승민,20,male,False,23,10,02,07,False,3,3,5,3,1,False,역사학과,3,1,69,66,97,5,36,15,False,,,
21000081,우민준,20,male,False,02,08,00,11,False,5,4,3,4,1,True,교육학과,1,0,71,63,62,30,9,92,False,,,
23000055,김하준,23,male,False,22,08,,,True,7,0,2,1,0,False,국제학부 일어일문학전공,4,1,19,17,13,65,46,45,False,,,
23000056,이지훈,27,male,False,22,11,00,08,False,5,0,2,5,0,False,교육학과,3,1,89,86,17,78,92,46,False,,,
19000061,서민수,24,male,False,22,07,01,08,False,6,3,1,1,0,True,국제학부 중국통상학전공,6,1,46,88,14,26,43,41,False,,,
25000075,김윤서,28,female,False,02,09,22,07,False,3,6,4,7,1,False,역사학과,1,1,71,85,72,42,89,16,False,,,
18000066,허예린,23,female,False,00,11,,,True,5,5,2,7,0,False,자유전공학부,5,1,33,79,90,33,72,91,False,,,
17000057,이서연,25,female,False,03,08,02,09,False,6,7,3,6,0,True,국제학부 일어일문학전공,6,0,69,44,5,49,76,38,False,,,
19000062,장은서,20,female,False,00,07,02,07,False,7,4,3,4,1,False,역사학과,4,0,93,53,68,68,68,54,False,,,
25000076,윤지안,26,female,True,23,10,00,08,False,4,1,5,7,0,False,역사학과,4,0,14,20,13,50,57,38,False,,,
18000067,우채원,21,female,False,22,08,23,06,False,1,0,3,4,1,False,교육학과,4,0,24,30,0,22,84,28,False,,,
18000068,심서윤,27,female,False,22,09,,,True,7,5,1,6,1,True,국제학부 일어일문학전공,5,0,89,95,37,68,70,44,False,,,
20000071,곽지후,23,male,False,22,09,01,11,False,7,1,2,5,0,True,교육학과,3,0,7,31,77,67,4,75,False,,,
22000074,이다은,26,female,True,23,08,,,True,4,2,2,3,0,True,역사학과,2,1,12,15,66,34,30,63,False,,,
17000058,이승현,21,male,False,00,09,,,True,4,4,1,4,0,True,국제학부 중국통상학전공,6,1,75,34,78,81,83,8,False,,,
21000082,김소윤,21,female,True,22,06,22,06,False,7,0,3,2,0,False,자유전공학부,2,1,31,8,71,64,22,94,False,,,
18000069,오민서,27,female,False,22,06,,,True,4,0,1,5,0,False,교육학과,4,0,11,32,53,61,75,5,False,,,
18000070,이지우,23,female,False,23,09,00,10,False,0,6,5,4,0,True,교육학과,7,0,92,61,43,88,22,30,False,,,
18000071,송서연,24,female,True,01,08,02,07,False,3,1,1,5,1,True,자유전공학부,1,1,32,59,63,95,61,1,False,,,
24000066,진대현,24,male,False,23,09,01,08,False,5,0,5,5,0,False,국제학부 중국통상학전공,1,1,25,62,33,66,59,63,False,,,
21000083,한준우,26,male,True,01,11,,,True,5,6,3,2,0,True,역사학과,1,1,73,19,47,47,4,85,False,,,
18000072,이준우,26,male,False,22,09,03,08,False,4,4,5,1,0,False,교육학과,3,0,90,83,31,79,40,91,False,,,
23000057,전다은,20,female,False,22,10,,,True,7,2,3,6,1,False,자유전공학부,2,0,6,66,78,0,54,2,False,,,
17000059,김시우,23,male,True,02,06,,,True,1,5,4,5,0,False,국제학부 영어데이터융합전공,1,0,7,76,9,93,20,57,False,,,
21000084,권시우,27,male,True,01,09,23,07,False,2,7,2,1,0,True,국제학부 영어데이터융합전공,1,1,46,52,60,73,98,91,False,,,
17000060,우예린,22,female,True,00,09,22,11,False,4,3,4,5,1,False,국제학부 일어일문학전공,2,1,34,6,54,52,22,51,False,,,
18000073,김서준,25,male,False,00,10,01,07,False,6,1,2,6,1,False,국제학부 중국통상학전공,5,0,32,47,64,50,37,64,False,,,
17000061,조예은,26,female,True,00,07,01,09,False,3,7,3,3,1,False,역사학과,2,1,46,33,40,29,88,46,False,,,
17000062,박나연,24,female,False,01,07,,,True,5,6,2,7,1,False,국어국문학과,7,1,36,31,100,47,73,49,False,,,
21000085,이유나,28,female,False,23,09,03,08,False,3,2,2,3,1,True,자유전공학부,4,0,27,91,76,67,13,16,False,,,
18000074,이예준,25,male,False,02,07,,,True,2,4,4,3,1,True,국어국문학과,4,1,45,51,12,24,81,16,False,,,
23000058,김예준,23,male,False,23,09,01,11,False,0,7,4,5,1,True,국제학부 중국통상학전공,1,0,90,86,6,42,76,84,False,,,
23000059,최유나,28,female,False,03,11,01,07,False,0,7,5,1,0,False,국제학부 일어일문학전공,1,1,72,7,24,3,32,21,False,,,
21000086,심다은,21,female,False,02,10,03,11,False,3,1,1,5,0,True,국어국문학과,5,0,65,86,89,83,22,82,False,,,
19000063,장승현,26,male,True,22,08,22,09,False,3,3,1,6,1,False,국제학부 영어데이터융합전공,2,0,28,6,88,63,39,88,False,,,
20000072,김윤서,26,female,True,00,08,02,10,False,2,5,5,1,0,False,교육학과,4,1,69,65,65,36,85,61,False,,,
20000073,오나연,23,female,False,03,09,,,True,3,5,1,1,0,False,국제학부 영어데이터융합전공,7,0,29,57,28,68,99,32,False,,,
18000075,김서연,28,female,True,03,08,00,11,False,1,5,1,1,0,False,역사학과,6,0,99,14,35,57,7,91,False,,,
25000077,조지민,22,female,True,02,06,,,True,3,3,3,5,0,False,국제학부 일어일문학전공,3,1,91,36,42,74,27,17,False,,,
22000075,김대현,26,male,True,00,09,22,06,False,3,1,2,5,0,True,국제학부 일어일문학전공,1,1,45,35,6,31,63,20,False,,,
19000064,박시윤,26,male,False,03,11,23,08,False,5,4,5,6,0,True,국제학부 영어데이터융합전공,3,0,23,56,73,2,87,83,False,,,
22000076,최지안,23,female,False,23,09,01,09,False,1,5,2,1,1,True,국어국문학과,2,1,75,84,54,1,72,89,False,,,
25000078,이지우,25,female,True,23,10,,,True,6,2,1,7,0,False,국제학부 중국통상학전공,2,1,83,77,83,55,44,14,False,,,
20000074,김서연,23,female,True,22,10,,,True,2,3,5,6,0,True,자유전공학부,5,0,21,56,8,0,38,72,False,,,
17000063,김지후,24,male,False,22,06,,,True,2,2,1,6,0,True,국제학부 일어일문학전공,2,0,84,78,92,47,51,32,False,,,
22000077,박은우,26,male,True,00,06,03,09,False,4,4,2,3,0,False,국제학부 중국통상학전공,4,0,25,66,17,68,40,54,False,,,
24000067,장현우,21,male,False,02,10,02,06,False,2,0,3,7,0,False,자유전공학부,6,1,31,53,68,67,40,86,False,,,
22000078,조서연,24,female,True,22,06,22,11,False,4,6,1,7,0,False,국어국문학과,1,1,43,34,49,20,14,5,False,,,
20000075,김지안,27,female,True,02,07,02,11,False,2,4,1,4,1,True,자유전공학부,5,0,52,57,78,77,15,79,False,,,
25000079,양지우,22,female,True,22,08,,,True,4,3,5,7,0,False,교육학과,5,1,31,35,59,91,87,54,False,,,
19000065,이은서,21,female,False,02,07,,,True,3,4,1,6,0,True,역사학과,7,1,25,82,75,49,74,57,False,,,
20000076,최은서,24,female,False,23,11,00,10,False,4,0,1,6,0,True,국제학부 중국통상학전공,7,1,40,80,15,39,22,35,False,,,
19000066,윤승현,26,male,False,03,06,03,09,False,1,3,3,7,0,False,국제학부 영어데이터융합전공,1,0,39,24,61,4,12,5,False,,,
20000077,안유준,23,male,False,02,10,22,09,False,5,6,4,1,0,False,자유전공학부,5,0,54,34,1,100,37,65,False,,,
20000078,김예은,22,female,False,02,09,23,07,False,1,1,1,5,0,True,국제학부 일어일문학전공,2,1,98,45,69,66,37,59,False,,,
18000076,김은서,23,female,False,23,07,01,07,False,3,7,5,1,0,False,국제학부 일어일문학전공,3,1,11,39,70,44,67,79,False,,,
22000079,송지훈,24,male,False,02,09,00,09,False,2,0,2,4,0,False,역사학과,2,0,58,43,60,75,69,52,False,,,
22000080,김나연,27,female,False,22,10,03,09,False,6,1,4,3,1,False,자유전공학부,2,1,39,7,9,53,84,60,False,,,
19000067,이지훈,24,male,False,02,06,02,09,False,1,7,1,2,0,True,국어국문학과,1,0,82,32,99,76,29,40,False,,,
17000064,김지우,21,female,False,01,08,22,11,False,4,6,1,7,1,False,국어국문학과,4,0,37,71,82,74,41,9,False,,,
24000068,주현우,23,male,False,02,09,,,True,3,3,1,3,0,True,국제학부 영어데이터융합전공,3,1,36,52,69,70,79,21,False,,,
23000060,장민서,24,female,False,03,06,,,True,4,4,4,2,0,False,국제학부 일어일문학전공,3,0,83,56,98,88,19,61,False,,,
24000069,류하윤,26,female,False,01,10,01,10,False,2,7,4,6,1,False,국제학부 중국통상학전공,4,1,52,89,93,57,67,11,False,,,
20000079,문준우,27,male,True,02,07,02,07,False,3,4,5,6,1,True,국제학부 일어일문학전공,3,0,29,8,22,92,15,33,False,,,
20000080,김유준,23,male,True,23,07,,,True,3,4,1,6,0,False,국제학부 중국통상학전공,2,1,99,85,7,44,9,30,False,,,
18000077,백준우,25,male,True,02,08,,,True,3,1,2,1,1,False,교육학과,5,1,2,35,35,66,95,1,False,,,
18000078,김준우,25,male,True,03,11,,,True,2,4,4,4,0,False,국제학부 중국통상학전공,5,1,62,16,20,60,89,84,False,,,
25000080,송민준,21,male,True,23,09,00,08,False,5,6,4,6,0,False,국제학부 일어일문학전공,2,0,80,13,83,8,99,100,False,,,
23000061,이서윤,26,female,True,02,11,,,True,5,4,1,2,0,True,국제학부 영어데이터융합전공,1,0,42,92,29,30,64,13,False,,,
21000087,김유나,22,female,False,03,06,,,True,2,6,1,2,0,False,자유전공학부,2,1,8,33,24,76,76,21,False,,,
24000070,임지우,27,female,True,23,09,23,11,False,0,0,3,6,1,True,역사학과,3,0,49,98,29,23,62,15,False,,,
24000071,문유나,21,female,False,02,06,03,09,False,6,0,3,1,0,True,역사학과,1,1,12,90,17,53,97,11,False,,,
21000088,양윤서,24,female,False,01,10,,,True,1,4,4,6,1,True,국어국문학과,5,0,35,99,46,84,50,4,False,,,
20000081,장은서,25,female,False,02,11,22,10,False,4,7,2,7,0,False,역사학과,3,0,13,26,32,75,48,6,False,,,
18000079,양시우,28,male,False,01,10,01,08,False,4,5,5,7,1,False,국제학부 일어일문학전공,5,0,24,23,13,94,68,53,False,,,
19000068,이민준,23,male,False,23,07,23,10,False,3,4,2,6,0,False,역사학과,3,0,94,20,11,52,97,18,False,,,
19000069,박대현,28,male,True,22,06,,,True,7,2,2,7,1,False,국제학부 일어일문학전공,3,0,86,16,52,92,25,58,False,,,
20000082,김예은,23,female,False,02,10,22,10,False,4,3,4,4,0,False,국제학부 중국통상학전공,7,1,38,96,58,12,10,42,False,,,
17000065,이현우,26,male,False,02,08,,,True,4,4,3,2,0,True,역사학과,1,0,32,59,93,8,94,3,False,,,
19000070,이재윤,25,male,False,01,09,,,True,3,2,4,1,1,False,국어국문학과,4,0,9,75,82,88,63,4,False,,,
22000081,홍지안,25,female,False,22,06,01,06,False,1,1,3,1,0,False,국제학부 중국통상학전공,1,1,92,7,30,85,100,71,False,,,
24000072,박건우,24,male,True,02,07,,,True,7,6,3,5,0,True,자유전공학부,5,0,45,64,1,67,29,81,False,,,
25000081,박지훈,26,male,False,23,11,01,09,False,3,1,1,2,1,False,역사학과,5,1,28,84,96,55,28,79,False,,,
25000082,안민수,23,male,True,03,07,00,06,False,4,0,4,1,0,True,국제학부 중국통상학전공,2,0,26,8,69,16,98,21,False,,,
24000073,김지우,28,female,True,03,07,22,09,False,1,0,5,5,0,True,국어국문학과,6,1,89,94,28,49,38,49,False,,,
17000066,박다은,21,female,False,02,11,,,True,1,0,3,5,1,True,국제학부 영어데이터융합전공,1,1,57,24,0,52,25,30,False,,,
24000074,김나연,20,female,True,23,10,23,08,False,3,5,1,6,1,True,국제학부 중국통상학전공,3,0,77,35,41,15,20,8,False,,,
24000075,조하윤,24,female,False,22,10,23,06,False,5,0,2,3,1,False,국제학부 일어일문학전공,1,1,65,72,32,33,10,3,False,,,
20000083,김예은,23,female,False,23,11,22,11,False,5,1,5,2,1,True,국제학부 일어일문학전공,3,0,98,17,70,75,38,51,False,,,
20000084,장지안,22,female,False,01,09,02,07,False,2,1,4,1,0,True,국제학부 일어일문학전공,7,0,49,24,70,54,11,76,False,,,
23000062,양지민,28,female,False,02,08,,,True,0,3,1,3,0,True,국제학부 영어데이터융합전공,2,1,99,72,29,31,77,87,False,,,
20000085,조나연,26,female,False,03,10,02,06,False,0,2,3,1,1,True,교육학과,4,0,84,29,30,70,58,38,False,,,
22000082,김승민,21,male,False,22,09,03,10,False,4,3,3,2,1,True,국어국문학과,2,0,8,3,88,30,33,31,False,,,
21000089,김나연,21,female,False,01,07,03,10,False,3,1,1,4,0,False,국제학부 영어데이터융합전공,4,1,70,20,49,24,10,10,False,,,
19000071,이유준,26,male,False,01,08,01,11,False,0,4,1,1,1,True,국제학부 중국통상학전공,2,0,35,57,71,47,19,3,False,,,
23000063,이다은,22,female,False,23,07,02,11,False,7,0,2,6,0,True,국제학부 중국통상학전공,4,1,29,38,35,14,19,34,False,,,
19000072,이유나,27,female,False,01,06,03,10,False,2,1,5,6,1,True,자유전공학부,2,1,57,69,73,8,42,63,False,,,
19000073,김예린,28,female,False,01,11,,,True,4,5,4,3,0,False,국제학부 중국통상학전공,3,1,48,96,52,23,66,43,False,,,
17000067,김지후,25,male,False,23,10,01,06,False,0,5,5,3,1,True,국어국문학과,5,1,71,26,53,83,78,52,False,,,
20000086,황지민,26,female,False,00,10,,,True,4,7,2,2,1,True,국제학부 중국통상학전공,4,0,98,5,11,36,70,11,False,,,
17000068,김유나,24,female,False,23,11,,,True,7,1,5,2,1,False,국제학부 영어데이터융합전공,3,0,1,97,49,21,80,44,False,,,
23000064,김유나,24,female,False,00,07,22,09,False,5,2,4,7,0,True,자유전공학부,3,1,94,39,9,93,83,5,False,,,
21000090,김예은,27,female,True,01,07,02,07,False,0,6,3,5,0,True,국제학부 중국통상학전공,7,0,32,52,41,58,25,83,False,,,
21000091,이은우,26,male,False,00,09,22,09,False,1,0,1,4,0,False,역사학과,7,1,84,15,14,76,16,14,False,,,
