student_id,name,age,gender,is_smoker,weekday_sleep_time,weekday_wake_time,weekend_sleep_time,weekend_wake_time,goes_home_on_weekend,late_night_return_frequency,drinking_frequency,noise_sensitivity,call_frequency,snores,prefers_same_major,major_name,cleaning_frequency,personality_extroversion,weight_lifestyle_rhythm,weight_noise,weight_major,weight_cleaning,weight_age,weight_personality,is_matched,matched_room_id,my_satisfaction_score,partner_satisfaction_score,cluster_id
20000001,나예준,22,male,False,01,07,02,09,False,6,2,5,1,False,False,자유전공학부,4,1,9,67,31,1,61,35,False,,,,
19000001,서지민,24,female,False,03,10,22,06,False,0,1,1,2,False,False,정보보호학과,0,3,22,15,55,85,53,76,False,,,,
20000002,김현우,24,male,True,00,07,22,11,True,6,0,2,4,False,False,경제학과,7,5,79,96,75,83,54,94,False,,,,
19000002,최예린,26,female,False,00,10,22,06,False,6,6,3,1,False,True,경제학과,4,2,43,23,5,15,7,96,False,,,,
20000003,박승민,21,male,False,22,08,02,10,False,1,3,4,6,False,False,자유전공학부,1,1,76,23,21,61,60,49,False,,,,
18000001,김예준,21,male,False,23,11,01,09,True,3,2,4,2,False,False,컴퓨터공학과,0,5,38,92,12,59,18,19,False,,,,
20000004,배수아,27,female,False,22,11,03,09,True,4,6,3,1,True,False,자유전공학부,1,1,55,64,42,31,89,48,False,,,,
17000001,김건우,28,male,False,02,09,22,08,False,0,3,4,0,False,False,컴퓨터공학과,3,2,1,63,93,68,6,95,False,,,,
20000005,문수아,20,female,True,00,09,22,08,True,3,7,5,0,True,True,경제학과,4,5,52,91,43,16,65,54,False,,,,
23000001,장재윤,27,male,True,22,07,23,06,False,7,2,2,3,False,True,경제학과,6,2,27,38,89,77,84,9,False,,,,
25000001,김현우,23,male,True,23,07,00,09,False,5,5,5,3,False,True,경제학과,0,4,72,37,2,19,97,59,False,,,,
23000002,박민수,23,male,False,02,10,00,07,False,4,6,2,3,True,True,경제학과,4,2,39,68,10,56,56,71,False,,,,
20000006,김수아,20,female,True,23,10,22,09,True,7,5,3,6,True,False,정보보호학과,3,1,80,19,31,47,82,92,False,,,,
22000001,이승현,22,male,False,00,08,03,08,False,4,0,2,1,False,False,컴퓨터공학과,7,1,71,47,94,7,95,12,False,,,,
17000002,양소윤,24,female,False,22,06,02,11,False,0,6,3,6,True,True,정보보호학과,2,4,33,69,37,29,12,48,False,,,,
21000001,서대현,24,male,False,23,11,23,08,False,3,5,2,0,True,False,경제학과,4,4,57,28,47,95,34,99,False,,,,
21000002,박시윤,27,male,False,22,09,23,09,False,1,2,4,3,True,True,자유전공학부,4,3,79,93,91,60,19,8,False,,,,
23000003,이현우,23,male,False,02,09,02,07,False,6,5,2,7,True,False,경제학과,5,2,58,92,11,31,89,49,False,,,,
21000003,김수아,21,female,True,22,11,23,11,False,4,0,3,3,True,False,정보보호학과,7,4,79,44,69,98,55,63,False,,,,
17000003,김시우,28,male,False,22,07,22,08,True,0,7,3,1,True,True,경영학부,0,1,89,4,39,2,20,62,False,,,,
17000004,박다은,26,female,True,02,08,03,09,True,7,1,5,7,False,True,자유전공학부,5,1,57,3,90,64,10,78,False,,,,
18000002,김민서,22,female,False,02,09,23,07,False,0,6,4,0,False,False,컴퓨터공학과,6,3,90,98,23,95,60,77,False,,,,
21000004,김하준,25,male,True,00,09,03,08,True,3,5,5,5,True,False,경영학부,7,2,4,46,92,77,55,16,False,,,,
25000002,김시우,26,male,False,23,09,02,11,False,2,1,4,2,False,False,정보보호학과,2,3,41,39,85,66,60,55,False,,,,
19000003,이서연,21,female,True,02,07,22,10,False,3,3,3,2,True,False,경영학부,4,1,74,49,46,10,55,31,False,,,,
22000002,신예린,27,female,False,03,06,01,09,False,5,0,5,0,False,True,정보보호학과,4,4,51,94,36,35,17,4,False,,,,
22000003,윤소윤,22,female,False,22,11,02,10,False,4,7,5,5,False,False,경영학부,0,2,67,68,38,65,62,37,False,,,,
22000004,김하윤,23,female,False,03,09,22,08,True,6,2,4,1,True,True,경영학부,4,3,18,52,17,30,73,18,False,,,,
19000004,하민수,20,male,False,01,06,03,06,False,7,7,2,5,True,True,경영학부,4,5,68,63,9,95,94,98,False,,,,
24000001,김예린,20,female,False,03,11,00,10,False,3,6,2,1,True,True,컴퓨터공학과,5,1,96,87,41,98,95,11,False,,,,
23000004,이소윤,24,female,False,23,06,03,10,False,6,5,5,4,True,False,경제학과,1,5,76,12,73,58,73,51,False,,,,
20000007,이현우,25,male,True,02,08,22,10,False,0,6,5,1,True,True,자유전공학부,2,1,79,39,64,47,11,77,False,,,,
22000005,한승민,22,male,False,01,10,03,07,True,2,1,2,5,True,False,컴퓨터공학과,1,1,61,67,63,6,37,71,False,,,,
17000005,강유준,28,male,False,23,09,02,10,False,1,3,3,7,True,True,컴퓨터공학과,7,1,89,14,22,36,37,95,False,,,,
20000008,송시우,24,male,False,02,06,01,09,False,3,2,3,3,False,True,경제학과,7,3,36,19,72,82,61,28,False,,,,
19000005,이민준,22,male,False,03,07,00,06,False,1,5,5,7,True,True,컴퓨터공학과,3,1,70,23,51,28,68,40,False,,,,
25000003,허예린,26,female,False,23,10,00,08,False,6,5,1,5,False,False,컴퓨터공학과,5,3,74,90,86,96,1,28,False,,,,
17000006,이하윤,23,female,False,23,10,23,09,True,5,0,1,1,False,True,자유전공학부,7,3,78,50,100,72,89,79,False,,,,
19000006,김도윤,24,male,True,02,09,02,09,False,1,4,3,4,True,False,경영학부,3,2,67,84,40,30,47,12,False,,,,
19000007,박지안,26,female,True,01,10,00,07,False,4,0,3,5,False,False,경영학부,4,1,57,13,97,76,0,64,False,,,,
25000004,김민준,28,male,False,00,08,23,11,False,3,1,1,2,True,True,정보보호학과,1,4,5,69,76,7,22,39,False,,,,
23000005,곽윤서,23,female,False,23,11,23,10,False,6,5,5,1,True,False,경제학과,2,3,13,34,65,36,8,40,False,,,,
18000003,이지안,20,female,True,02,11,23,11,True,7,3,4,5,False,True,경제학과,6,5,70,78,4,3,93,75,False,,,,
21000005,고예린,25,female,True,03,06,22,07,True,7,1,1,1,True,True,경영학부,1,2,95,84,49,67,16,81,False,,,,
25000005,류예린,23,female,False,03,06,22,09,False,2,2,4,5,True,True,컴퓨터공학과,1,3,53,42,96,28,60,85,False,,,,
21000006,배지훈,24,male,False,02,08,22,08,True,5,7,5,4,True,True,정보보호학과,7,5,11,17,90,63,53,36,False,,,,
25000006,하건우,24,male,False,23,08,23,08,False,4,0,2,1,True,False,정보보호학과,5,4,93,0,54,13,85,34,False,,,,
18000004,최시우,28,male,False,23,06,01,10,False,1,0,5,4,True,True,경제학과,3,4,17,25,15,75,37,42,False,,,,
24000002,김하준,26,male,False,01,10,02,08,False,3,0,4,1,False,True,정보보호학과,2,4,78,78,69,6,42,84,False,,,,
22000006,문소윤,20,female,False,02,06,01,09,False,0,2,3,5,False,False,정보보호학과,6,5,45,45,93,50,43,64,False,,,,
17000007,하하준,27,male,False,01,09,22,10,False,7,4,4,2,True,False,정보보호학과,3,5,96,16,81,44,12,44,False,,,,
25000007,황현우,22,male,False,22,08,03,06,True,2,6,4,7,True,False,자유전공학부,3,1,38,79,4,96,2,18,False,,,,
19000008,오재윤,28,male,True,23,10,03,09,False,2,7,1,6,False,True,경영학부,4,5,47,9,73,40,41,49,False,,,,
21000007,윤지훈,21,male,True,02,08,03,06,False,6,3,3,1,True,True,경영학부,3,2,82,45,54,27,63,36,False,,,,
21000008,김유나,23,female,True,00,07,00,06,False,3,3,5,4,False,False,경제학과,7,4,89,60,79,76,91,71,False,,,,
17000008,정예린,28,female,False,03,09,00,09,False,7,1,1,0,False,False,컴퓨터공학과,1,3,19,7,89,100,34,17,False,,,,
24000003,박지훈,21,male,False,02,07,22,09,True,6,6,1,4,False,True,자유전공학부,5,3,21,44,56,88,9,70,False,,,,
24000004,황민서,25,female,False,03,09,22,07,False,2,0,5,7,False,True,정보보호학과,4,2,61,38,37,33,58,70,False,,,,
25000008,박수아,28,female,False,00,11,00,10,False,5,7,2,5,False,False,경영학부,5,3,85,86,18,18,51,50,False,,,,
19000009,최예준,26,male,False,01,06,23,10,True,3,5,4,5,False,True,경영학부,5,4,46,40,8,56,55,45,False,,,,
17000009,윤도윤,21,male,True,03,08,02,09,False,4,2,5,2,True,True,경영학부,7,3,83,12,77,32,79,47,False,,,,
24000005,최나연,20,female,False,03,06,02,09,True,0,0,4,5,False,False,컴퓨터공학과,5,5,82,16,40,47,19,5,False,,,,
18000005,구민수,23,male,False,23,08,03,09,False,5,7,5,5,False,False,정보보호학과,6,3,16,52,45,57,66,96,False,,,,
19000010,이지후,20,male,False,01,08,22,11,True,0,1,2,6,False,True,경제학과,0,2,1,43,84,93,94,17,False,,,,
25000009,류민수,26,male,False,01,11,03,11,False,6,5,3,4,True,False,자유전공학부,5,4,57,74,81,92,21,74,False,,,,
23000006,박시우,21,male,False,02,11,23,11,False,6,0,5,5,True,False,정보보호학과,7,1,76,56,48,36,23,14,False,,,,
21000009,최민준,20,male,True,22,10,03,10,False,6,4,4,0,True,True,정보보호학과,4,1,88,27,63,68,51,96,False,,,,
19000011,성민수,26,male,False,22,06,23,06,False,0,7,1,0,True,False,자유전공학부,1,4,73,87,85,95,73,62,False,,,,
24000006,류지우,20,female,False,01,07,03,09,False,5,4,1,4,False,True,컴퓨터공학과,4,2,91,2,57,4,85,10,False,,,,
22000007,최현우,28,male,False,22,07,02,06,False,5,2,5,4,False,True,경영학부,6,2,8,86,31,59,34,43,False,,,,
18000006,김서연,20,female,False,00,08,23,08,False,5,3,4,5,True,False,경제학과,5,1,36,6,13,19,15,15,False,,,,
19000012,송지우,26,female,True,22,10,00,07,False,1,1,5,5,True,True,경영학부,0,5,76,9,27,47,1,93,False,,,,
21000010,장하윤,25,female,False,02,08,02,07,False,6,0,2,2,False,True,경영학부,5,1,69,78,36,9,38,59,False,,,,
24000007,박서연,24,female,False,01,11,03,07,True,5,2,5,1,False,False,경영학부,3,1,90,46,26,43,91,37,False,,,,
20000009,윤은우,25,male,False,23,11,03,07,False,0,1,4,5,False,False,경영학부,4,3,33,18,80,60,19,77,False,,,,
20000010,김유준,26,male,True,22,10,22,07,False,5,3,1,7,False,True,경제학과,0,2,31,80,77,85,3,82,False,,,,
23000007,박서준,27,male,True,23,06,02,06,False,0,0,1,3,False,True,컴퓨터공학과,2,3,86,29,21,51,96,33,False,,,,
20000011,김수아,21,female,False,22,10,00,07,False,6,3,2,0,False,True,경제학과,6,1,56,28,94,97,55,30,False,,,,
23000008,이재윤,24,male,False,01,08,03,10,False,5,7,5,6,False,True,자유전공학부,3,1,0,71,23,95,7,15,False,,,,
18000007,김예은,28,female,True,22,11,02,06,False,6,1,1,5,True,True,컴퓨터공학과,2,2,26,41,33,54,16,82,False,,,,
18000008,이현우,25,male,False,01,08,02,10,False,4,3,1,1,False,True,컴퓨터공학과,7,4,0,17,17,70,31,4,False,,,,
18000009,송하윤,28,female,False,02,10,03,11,False,7,3,3,1,True,False,경제학과,4,4,98,2,64,29,89,61,False,,,,
20000012,이지훈,23,male,False,22,07,23,11,False,4,1,3,2,False,True,자유전공학부,3,2,71,75,14,47,12,91,False,,,,
23000009,이대현,23,male,False,03,06,01,09,False,4,0,3,7,False,True,자유전공학부,7,4,5,97,9,32,16,97,False,,,,
19000013,김승현,22,male,False,22,08,22,09,False,7,6,5,0,False,True,정보보호학과,5,3,69,79,0,57,33,9,False,,,,
19000014,안수아,22,female,False,23,07,01,10,False,1,6,2,2,True,False,정보보호학과,1,5,16,62,58,31,0,3,False,,,,
20000013,윤현우,28,male,True,01,07,03,08,False,4,7,2,1,True,False,컴퓨터공학과,6,4,27,72,39,15,88,54,False,,,,
17000010,김하윤,21,female,False,03,07,03,06,False,6,6,4,7,True,False,정보보호학과,7,2,41,93,9,98,75,98,False,,,,
24000008,이민준,27,male,False,00,06,03,08,True,2,3,4,2,False,True,경영학부,3,2,69,67,92,70,7,12,False,,,,
19000015,서윤서,26,female,False,01,11,00,08,True,5,3,5,2,False,False,경제학과,2,5,87,23,87,43,28,73,False,,,,
21000011,구예은,25,female,False,03,11,23,09,False,0,1,1,2,True,True,정보보호학과,2,1,83,21,92,45,77,44,False,,,,
21000012,한서윤,27,female,False,22,08,23,06,False,2,0,5,6,False,True,경영학부,2,5,70,68,93,95,46,44,False,,,,
20000014,진현우,28,male,False,03,08,03,09,False,0,3,1,0,False,True,정보보호학과,5,4,48,76,33,100,59,42,False,,,,
21000013,이준우,25,male,True,00,08,01,11,False,1,0,2,0,False,False,자유전공학부,6,2,73,20,99,95,74,45,False,,,,
25000010,김승현,25,male,True,02,06,01,11,True,6,7,5,1,True,False,자유전공학부,7,2,6,1,29,0,66,65,False,,,,
21000014,노민서,24,female,False,03,11,00,10,False,7,6,1,2,True,True,자유전공학부,1,1,10,57,85,0,97,2,False,,,,
24000009,류유나,21,female,False,00,09,01,11,True,1,6,3,5,True,False,경영학부,7,5,77,87,68,76,79,90,False,,,,
20000015,김서윤,26,female,False,22,08,23,09,False,7,7,1,0,True,False,정보보호학과,7,1,92,81,40,76,30,8,False,,,,
23000010,이예은,23,female,False,23,11,23,10,True,5,4,1,2,True,True,경제학과,5,2,25,11,15,55,58,31,False,,,,
24000010,윤도윤,27,male,False,00,06,23,08,True,1,1,3,4,False,True,정보보호학과,3,2,66,66,90,69,28,66,False,,,,
19000016,서유나,25,female,False,02,06,03,11,True,1,3,5,6,False,True,컴퓨터공학과,2,3,44,81,52,92,56,18,False,,,,
21000015,백유나,23,female,True,03,09,02,06,False,6,2,3,7,True,True,경제학과,6,3,12,73,30,99,91,97,False,,,,
22000008,한지훈,24,male,False,02,06,22,07,False,0,5,1,2,False,False,경영학부,7,2,75,59,37,70,37,50,False,,,,
19000017,이소윤,21,female,True,23,09,02,08,True,0,0,3,6,False,False,자유전공학부,6,3,41,64,36,32,62,34,False,,,,
24000011,안서연,25,female,True,01,08,01,09,False,0,7,5,0,False,False,컴퓨터공학과,4,1,55,95,100,9,31,66,False,,,,
20000016,문다은,24,female,False,01,08,00,09,False,3,4,1,6,True,False,정보보호학과,4,1,2,51,56,71,36,48,False,,,,
17000011,홍지우,25,female,False,23,10,01,09,False,3,7,2,3,True,True,정보보호학과,6,2,8,46,9,85,46,4,False,,,,
18000010,남은우,27,male,False,01,11,01,06,False,3,0,2,2,False,False,자유전공학부,3,2,58,18,75,73,84,84,False,,,,
20000017,이재윤,27,male,False,23,06,01,08,False,2,3,5,4,False,False,컴퓨터공학과,0,3,12,12,30,76,1,20,False,,,,
22000009,최지우,20,female,False,23,09,23,09,False,2,1,2,0,False,True,컴퓨터공학과,6,3,4,88,37,77,69,83,False,,,,
25000011,홍도윤,21,male,False,03,11,22,09,False,7,7,4,5,False,False,정보보호학과,5,5,88,16,32,27,98,50,False,,,,
21000016,이서준,28,male,False,23,08,22,08,True,1,0,4,5,False,False,정보보호학과,6,3,19,57,28,35,2,32,False,,,,
17000012,김건우,26,male,True,02,11,22,07,False,3,2,2,2,False,False,자유전공학부,4,1,72,57,12,90,25,63,False,,,,
25000012,배채원,28,female,False,00,08,00,07,True,2,4,2,2,False,True,경영학부,3,2,80,36,63,45,77,61,False,,,,
24000012,윤은우,24,male,True,22,06,00,11,True,0,3,2,5,True,True,경영학부,1,2,21,90,19,98,84,21,False,,,,
19000018,이도윤,22,male,True,01,07,23,11,False,1,3,1,5,False,False,자유전공학부,2,3,52,22,41,50,83,72,False,,,,
17000013,최유준,24,male,True,01,10,01,10,True,5,3,3,0,False,True,경제학과,5,2,15,21,94,65,19,81,False,,,,
21000017,김시윤,21,male,True,02,06,00,09,True,1,3,3,6,False,False,정보보호학과,4,2,45,4,76,47,16,59,False,,,,
24000013,김현우,22,male,False,03,08,00,06,False,6,6,5,0,False,False,정보보호학과,2,4,13,95,50,56,3,31,False,,,,
25000013,김지우,28,female,True,00,11,22,10,False,2,6,3,3,True,False,경제학과,5,2,95,87,5,18,16,94,False,,,,
17000014,이예린,26,female,True,23,11,22,11,True,5,3,3,4,True,True,경영학부,0,4,69,33,61,25,48,99,False,,,,
19000019,황유준,23,male,False,00,10,22,08,True,3,2,4,6,True,False,자유전공학부,4,1,43,84,51,72,87,48,False,,,,
21000018,김예준,25,male,False,03,06,23,09,False,4,1,4,7,False,False,경제학과,0,4,22,89,5,3,64,74,False,,,,
20000018,송건우,26,male,False,00,09,22,07,False,1,0,1,5,True,False,정보보호학과,6,3,41,39,78,71,31,16,False,,,,
23000011,김민준,25,male,False,02,08,01,10,False,6,0,4,6,False,False,정보보호학과,7,3,52,69,71,84,16,35,False,,,,
20000019,고예린,24,female,True,22,06,02,09,True,4,4,4,6,True,True,경영학부,1,3,99,86,41,79,85,21,False,,,,
25000014,서예린,21,female,False,02,07,00,08,False,7,3,4,1,True,False,정보보호학과,3,4,6,40,38,47,0,16,False,,,,
18000011,김윤서,28,female,True,22,07,23,07,False,2,6,1,2,True,True,경제학과,1,2,89,40,56,5,79,86,False,,,,
23000012,박서윤,24,female,True,03,10,02,08,False,1,2,2,7,False,False,정보보호학과,7,5,80,91,11,20,39,59,False,,,,
25000015,박지안,23,female,True,22,06,02,08,True,2,3,5,1,True,True,자유전공학부,3,3,37,61,35,56,88,3,False,,,,
19000020,강서연,26,female,False,02,10,22,10,False,3,6,4,1,False,True,경제학과,4,4,60,22,16,42,61,72,False,,,,
24000014,김승현,27,male,False,22,07,22,09,False,6,2,3,1,True,True,경영학부,4,5,2,47,69,4,2,29,False,,,,
20000020,최지후,23,male,False,22,08,02,10,False,4,0,2,1,True,False,경제학과,1,5,26,9,93,39,78,64,False,,,,
17000015,김다은,22,female,False,03,10,03,07,False,5,4,3,7,False,False,정보보호학과,1,1,89,14,23,30,97,20,False,,,,
21000019,김예린,20,female,False,01,06,00,06,True,2,7,5,5,True,True,정보보호학과,1,5,77,35,1,94,42,85,False,,,,
25000016,조서연,21,female,False,02,06,02,09,False,5,7,3,5,False,True,경제학과,3,2,89,84,50,32,84,95,False,,,,
19000021,권소윤,28,female,True,02,06,01,06,False,1,2,3,2,False,True,경영학부,1,3,20,11,62,67,23,58,False,,,,
18000012,류민준,21,male,False,02,07,00,11,False,5,2,2,3,True,True,자유전공학부,5,4,44,17,25,52,84,93,False,,,,
24000015,김서윤,27,female,False,22,10,01,11,False,1,6,1,5,True,True,자유전공학부,2,2,82,32,19,58,7,44,False,,,,
23000013,장준우,26,male,False,03,08,03,10,False,0,2,2,4,False,True,정보보호학과,3,3,36,99,11,64,37,30,False,,,,
23000014,김시우,22,male,False,02,09,03,08,False,1,4,3,2,True,False,경제학과,6,3,77,79,99,64,90,48,False,,,,
19000022,한은서,21,female,True,22,07,22,06,True,5,2,5,7,False,True,경영학부,4,4,56,6,82,44,15,84,False,,,,
24000016,지나연,27,female,False,03,07,01,09,False,2,3,5,0,False,False,정보보호학과,5,1,27,39,13,74,71,71,False,,,,
18000013,김민서,20,female,False,02,09,03,08,True,5,6,1,5,True,True,정보보호학과,6,2,89,18,53,48,53,6,False,,,,
17000016,박윤서,22,female,True,01,10,03,06,False,2,4,5,2,False,False,컴퓨터공학과,5,2,75,53,48,1,0,73,False,,,,
24000017,김현우,23,male,False,01,06,23,11,False,5,0,1,7,True,True,자유전공학부,4,2,77,93,76,40,23,100,False,,,,
18000014,김지민,24,female,False,03,08,01,07,False,0,7,5,4,True,True,자유전공학부,1,5,4,79,58,16,7,10,False,,,,
23000015,한승민,20,male,True,00,06,22,09,False,1,0,3,5,False,True,경제학과,6,4,41,13,68,8,56,33,False,,,,
18000015,이하준,28,male,False,23,10,02,10,False,1,0,2,3,True,True,정보보호학과,0,2,45,68,18,24,79,27,False,,,,
20000021,김민수,25,male,False,01,06,02,09,True,0,5,1,4,False,True,자유전공학부,0,4,69,64,44,46,100,44,False,,,,
18000016,오유나,21,female,False,22,06,02,07,False,2,2,1,6,True,False,자유전공학부,2,4,87,0,99,85,76,0,False,,,,
19000023,김승현,28,male,True,23,07,01,08,False,6,5,3,3,True,True,자유전공학부,3,3,65,68,97,10,96,52,False,,,,
18000017,차서연,28,female,False,22,11,23,10,False,0,1,3,3,True,True,컴퓨터공학과,3,4,63,11,72,36,18,31,False,,,,
24000018,김시윤,21,male,False,02,11,01,09,False,7,7,4,0,False,False,자유전공학부,7,3,28,97,44,15,64,98,False,,,,
17000017,이지우,26,female,False,00,10,03,08,False,1,0,3,4,False,False,컴퓨터공학과,4,5,58,12,37,95,32,57,False,,,,
17000018,안예준,20,male,False,01,08,03,06,False,3,2,1,4,True,False,정보보호학과,2,5,8,91,0,81,77,93,False,,,,
20000022,송유나,24,female,False,00,08,22,06,False,6,5,1,0,False,True,컴퓨터공학과,2,1,57,20,50,88,21,57,False,,,,
24000019,한하윤,25,female,True,01,09,00,11,False,4,2,2,1,False,True,자유전공학부,1,5,39,72,99,30,54,93,False,,,,
20000023,류다은,24,female,False,02,11,01,08,False,3,1,5,3,False,True,경영학부,0,2,81,28,83,33,84,73,False,,,,
19000024,강예린,23,female,False,03,10,01,11,True,4,5,1,2,True,True,경영학부,5,4,31,95,99,51,40,34,False,,,,
21000020,전지훈,21,male,False,22,09,02,10,False,3,3,3,4,True,True,경제학과,2,4,74,22,21,5,98,81,False,,,,
18000018,김민수,24,male,True,01,11,03,10,True,6,3,5,7,False,False,자유전공학부,0,1,47,10,31,83,86,100,False,,,,
23000016,배소윤,28,female,False,22,11,03,09,False,0,6,5,1,False,True,컴퓨터공학과,7,2,78,58,17,54,68,7,False,,,,
23000017,이지안,27,female,True,23,11,02,09,False,5,4,4,6,True,False,컴퓨터공학과,2,2,27,3,48,78,93,13,False,,,,
24000020,이지훈,27,male,True,00,06,00,09,False,6,2,4,4,False,True,경제학과,5,2,44,20,20,1,14,72,False,,,,
23000018,주예준,27,male,True,23,10,22,06,True,2,1,2,5,True,False,경영학부,5,4,62,95,85,59,83,0,False,,,,
22000010,김지훈,28,male,False,00,08,02,08,False,0,1,1,6,False,False,자유전공학부,0,2,23,91,91,93,29,76,False,,,,
24000021,최다은,26,female,False,01,06,01,08,False,2,2,5,3,False,False,경제학과,7,3,42,17,37,60,66,12,False,,,,
19000025,이윤서,20,female,False,01,06,02,09,False,5,7,5,7,True,True,경제학과,7,2,49,59,3,77,39,99,False,,,,
22000011,김채원,25,female,False,22,07,03,10,False,2,1,5,3,True,True,경영학부,4,1,35,91,77,78,4,60,False,,,,
24000022,노예준,22,male,True,03,09,00,06,False,3,0,5,2,False,True,정보보호학과,6,3,54,85,98,69,49,69,False,,,,
21000021,강하윤,26,female,False,00,06,01,06,False,2,3,5,1,False,True,정보보호학과,2,3,7,93,32,30,71,21,False,,,,
17000019,박서연,25,female,False,22,11,22,07,False,6,5,5,5,True,False,경제학과,7,4,47,5,62,20,0,40,False,,,,
23000019,김서연,24,female,True,01,10,22,09,False,2,4,1,7,False,False,정보보호학과,5,2,80,60,7,89,8,21,False,,,,
18000019,김승현,22,male,True,23,11,23,08,False,1,4,5,1,False,False,컴퓨터공학과,3,2,13,94,87,4,56,50,False,,,,
17000020,이은서,21,female,True,00,07,01,07,False,4,6,1,4,True,False,정보보호학과,4,1,33,91,70,73,18,0,False,,,,
17000021,이예은,28,female,False,23,07,00,06,False,7,2,5,5,False,False,자유전공학부,3,2,86,77,27,49,53,88,False,,,,
19000026,권현우,21,male,True,23,09,23,07,False,7,4,3,1,True,False,정보보호학과,2,4,4,30,94,14,27,54,False,,,,
17000022,김다은,24,female,True,22,08,23,11,False,1,1,1,2,False,False,컴퓨터공학과,1,3,56,8,3,12,7,14,False,,,,
21000022,김승민,26,male,False,00,08,02,06,False,5,3,3,1,False,True,경영학부,1,4,18,35,91,45,93,18,False,,,,
19000027,오윤서,27,female,False,23,11,22,08,False,2,4,5,5,False,True,정보보호학과,4,1,37,99,82,62,62,71,False,,,,
22000012,최지후,27,male,True,01,09,23,09,True,6,1,3,7,False,True,정보보호학과,4,1,9,84,12,1,17,54,False,,,,
17000023,주나연,25,female,False,00,10,00,08,True,3,2,4,7,False,True,경영학부,5,5,4,27,57,41,42,89,False,,,,
17000024,이은서,21,female,False,03,09,23,09,True,0,3,4,2,True,False,경제학과,3,1,27,50,45,86,6,63,False,,,,
22000013,김수아,23,female,False,03,09,03,08,False,6,2,2,4,False,True,컴퓨터공학과,5,2,30,76,42,67,61,4,False,,,,
21000023,박지민,25,female,False,03,11,03,06,False,1,5,4,2,False,False,자유전공학부,3,1,28,84,1,19,73,7,False,,,,
17000025,한승민,26,male,False,02,11,22,08,True,5,3,4,2,True,True,경제학과,1,4,93,43,58,6,6,31,False,,,,
21000024,장수아,24,female,True,01,07,22,09,False,7,1,4,4,False,True,자유전공학부,5,1,61,48,72,82,31,7,False,,,,
19000028,나지민,26,female,False,02,07,22,07,False,6,4,1,5,False,True,정보보호학과,0,3,12,26,81,49,87,72,False,,,,
21000025,김승민,23,male,False,22,06,03,06,False,2,6,2,5,False,False,경영학부,6,5,48,7,73,82,53,58,False,,,,
25000017,안은서,23,female,False,02,09,23,06,True,0,5,2,2,True,False,정보보호학과,4,3,16,27,54,92,37,34,False,,,,
17000026,박지민,24,female,True,00,08,23,09,True,1,7,2,0,True,False,컴퓨터공학과,1,5,33,0,27,66,55,49,False,,,,
24000023,김지후,20,male,False,01,07,02,08,True,4,2,1,2,False,False,자유전공학부,6,2,22,90,50,31,19,70,False,,,,
17000027,홍지안,27,female,False,01,10,22,07,True,0,1,2,4,True,True,컴퓨터공학과,3,5,82,52,70,93,44,67,False,,,,
22000014,김예린,26,female,False,23,07,03,09,True,0,6,1,5,False,True,경영학부,7,2,73,63,96,46,45,7,False,,,,
20000024,서채원,26,female,False,00,08,22,07,False,0,1,3,3,False,False,자유전공학부,4,1,3,69,36,24,21,59,False,,,,
19000029,홍서윤,22,female,True,22,07,01,08,False,1,7,3,7,False,False,경제학과,1,2,85,17,76,62,95,32,False,,,,
19000030,이하준,24,male,False,00,06,23,10,False,2,1,3,4,True,False,자유전공학부,3,1,90,20,51,47,4,4,False,,,,
19000031,한윤서,20,female,True,03,06,00,07,False,0,6,2,7,True,False,자유전공학부,1,2,96,48,61,70,98,46,False,,,,
22000015,진현우,27,male,False,00,09,01,10,True,1,1,4,1,True,True,정보보호학과,0,2,35,96,27,27,23,0,False,,,,
17000028,박지안,20,female,False,23,11,22,07,False,7,3,2,4,False,False,정보보호학과,1,2,87,98,59,89,48,80,False,,,,
18000020,김도윤,25,male,False,03,07,02,11,True,3,3,1,6,True,True,자유전공학부,5,2,30,90,92,11,23,62,False,,,,
17000029,김도윤,26,male,False,22,09,02,11,False,2,0,5,7,True,False,경제학과,7,2,13,53,3,60,42,2,False,,,,
25000018,김유나,27,female,False,02,07,03,10,False,3,4,5,6,True,True,자유전공학부,3,1,4,47,36,66,80,29,False,,,,
20000025,박서연,24,female,False,02,11,03,09,True,0,7,2,5,False,True,경제학과,3,1,43,93,0,97,83,51,False,,,,
24000024,이예은,20,female,True,00,09,01,08,False,5,2,2,4,False,True,자유전공학부,7,4,45,13,91,79,68,85,False,,,,
17000030,최나연,23,female,False,02,06,02,06,False,7,1,5,5,True,True,경제학과,3,2,63,13,38,98,65,66,False,,,,
18000021,정채원,22,female,False,22,10,23,11,True,0,1,5,7,True,True,자유전공학부,1,5,19,1,87,94,25,55,False,,,,
20000026,박지우,21,female,False,03,08,22,06,False,7,0,1,0,True,True,정보보호학과,3,4,71,95,27,77,24,92,False,,,,
17000031,최시우,27,male,False,02,10,22,09,False,4,3,4,3,True,False,경제학과,6,5,92,100,29,49,11,87,False,,,,
23000020,김서윤,23,female,False,02,06,22,08,False,1,6,5,1,False,False,경제학과,3,1,39,85,3,5,33,86,False,,,,
24000025,윤시우,22,male,False,22,10,03,07,False,2,2,1,4,True,True,경영학부,6,5,87,93,9,73,18,62,False,,,,
21000026,조서준,21,male,True,02,11,22,07,False,3,5,3,1,False,False,정보보호학과,2,4,48,74,63,49,48,70,False,,,,
20000027,박민수,26,male,False,03,10,22,06,False,2,4,2,0,False,True,자유전공학부,1,5,87,46,17,88,42,81,False,,,,
17000032,이민준,25,male,False,23,08,02,07,False,4,7,5,4,False,False,자유전공학부,2,4,44,69,18,68,68,60,False,,,,
22000016,손지안,27,female,True,03,06,23,07,False,4,3,5,4,True,True,자유전공학부,0,3,73,11,61,51,20,31,False,,,,
20000028,양윤서,23,female,False,02,11,03,07,False,6,2,5,5,True,True,정보보호학과,2,5,10,72,35,88,9,52,False,,,,
21000027,강지후,24,male,False,23,10,23,10,True,3,3,1,7,True,False,컴퓨터공학과,5,5,9,11,3,2,12,83,False,,,,
21000028,류유나,20,female,False,23,07,03,07,False,4,6,3,1,False,False,정보보호학과,2,4,20,68,5,31,74,81,False,,,,
23000021,박예은,27,female,False,03,10,22,06,False,4,2,3,2,False,True,컴퓨터공학과,2,5,7,48,87,75,94,96,False,,,,
22000017,권지민,28,female,False,03,10,23,07,True,7,5,4,3,False,False,자유전공학부,6,4,50,37,48,5,77,64,False,,,,
19000032,최수아,20,female,True,02,11,23,11,True,4,2,5,5,False,True,경영학부,1,4,34,77,49,2,32,67,False,,,,
22000018,이서윤,21,female,False,01,10,00,09,False,1,1,2,7,True,True,경제학과,5,1,68,20,6,64,50,11,False,,,,
24000026,박소윤,23,female,True,03,10,02,10,True,3,1,4,6,False,True,컴퓨터공학과,4,1,97,23,57,55,16,70,False,,,,
21000029,김승현,21,male,False,02,11,00,06,True,2,2,3,3,True,True,정보보호학과,3,1,62,11,6,78,13,66,False,,,,
22000019,손예준,28,male,True,01,09,22,08,False,7,6,3,4,False,True,컴퓨터공학과,5,1,2,22,27,91,61,78,False,,,,
17000033,박서윤,26,female,False,22,08,01,11,False,0,5,2,4,False,False,경제학과,4,3,11,99,21,15,62,32,False,,,,
25000019,이예린,21,female,False,23,07,01,06,True,5,2,4,1,False,False,정보보호학과,7,3,77,20,59,20,37,12,False,,,,
25000020,장준우,28,male,False,22,06,03,07,True,3,6,5,6,False,True,경제학과,6,5,10,94,92,99,79,90,False,,,,
23000022,양시우,24,male,True,23,10,22,07,False,6,3,1,4,True,True,경제학과,5,3,0,72,28,100,90,30,False,,,,
25000021,윤지안,28,female,False,03,11,22,07,False,5,1,3,5,True,False,경제학과,7,2,20,43,44,35,66,13,False,,,,
25000022,구예은,20,female,False,03,10,00,08,False,2,6,2,1,False,False,컴퓨터공학과,4,3,24,95,26,27,47,72,False,,,,
22000020,김시우,22,male,False,03,11,22,06,True,0,1,4,0,False,False,컴퓨터공학과,2,1,30,26,83,99,92,3,False,,,,
22000021,문예은,21,female,False,22,06,01,08,False,2,6,4,0,True,True,경영학부,4,5,21,36,83,9,48,72,False,,,,
19000033,윤지훈,24,male,False,01,06,00,06,False,7,2,3,4,False,False,경영학부,0,5,29,40,70,86,57,84,False,,,,
24000027,장승현,26,male,False,01,06,01,10,False,6,2,3,2,False,False,자유전공학부,3,2,71,100,8,69,85,22,False,,,,
24000028,박예준,28,male,False,22,06,01,08,False,0,2,5,7,True,False,자유전공학부,3,2,31,95,64,82,67,87,False,,,,
21000030,홍승현,23,male,True,00,06,01,11,False,3,5,5,2,False,True,정보보호학과,6,5,13,64,61,86,23,63,False,,,,
20000029,박승현,26,male,False,02,06,02,10,False,6,0,3,6,True,True,경영학부,5,2,87,56,23,94,81,30,False,,,,
17000034,송수아,23,female,False,01,08,00,09,False,6,1,4,0,False,True,정보보호학과,7,1,34,45,71,98,25,63,False,,,,
20000030,류지우,20,female,False,03,11,23,07,False,0,1,5,6,False,True,경영학부,1,3,3,32,71,81,86,10,False,,,,
24000029,김승현,25,male,False,23,10,23,10,True,7,5,2,6,False,True,컴퓨터공학과,0,4,1,89,67,72,74,16,False,,,,
19000034,고준우,27,male,True,01,06,22,08,False,6,4,3,5,True,False,경영학부,1,3,20,95,5,41,70,91,False,,,,
18000022,이은우,20,male,False,03,08,02,09,False,0,2,2,3,False,True,자유전공학부,1,1,5,22,29,44,24,5,False,,,,
25000023,박은서,26,female,False,02,10,00,09,False,4,2,5,3,False,False,컴퓨터공학과,0,5,36,76,29,48,30,84,False,,,,
17000035,박준우,28,male,False,23,07,23,08,False,4,2,4,2,True,True,자유전공학부,0,3,23,52,71,91,50,78,False,,,,
21000031,강나연,25,female,True,01,06,22,09,True,4,2,5,3,False,True,정보보호학과,7,2,48,93,44,73,11,49,False,,,,
20000031,배승현,26,male,False,03,06,22,09,False,5,4,2,2,False,False,경제학과,4,3,18,7,42,1,84,58,False,,,,
21000032,이나연,21,female,False,22,06,03,10,False,2,6,1,6,False,False,경제학과,7,2,4,21,29,28,33,69,False,,,,
22000022,김유준,28,male,False,02,10,03,08,False,1,7,4,5,True,True,컴퓨터공학과,7,3,92,65,65,14,68,96,False,,,,
17000036,이승민,21,male,False,03,09,23,08,False,4,2,2,7,False,True,경제학과,6,2,81,9,97,90,38,73,False,,,,
17000037,박현우,28,male,True,23,07,02,08,False,2,3,4,6,False,False,자유전공학부,4,1,45,75,18,15,63,23,False,,,,
23000023,손지후,23,male,False,22,08,00,07,False,5,3,4,4,False,True,경제학과,4,3,48,39,20,66,3,52,False,,,,
19000035,김민서,20,female,False,02,09,01,09,True,1,1,1,1,True,True,경영학부,0,4,63,30,33,77,67,4,False,,,,
18000023,권예은,20,female,False,00,09,23,11,True,1,0,1,1,True,False,자유전공학부,4,3,33,22,75,78,81,100,False,,,,
23000024,김은서,26,female,True,22,08,01,11,False,5,5,1,5,True,False,자유전공학부,5,2,69,39,21,56,10,56,False,,,,
23000025,김서연,21,female,False,02,06,02,07,False,5,7,3,3,True,False,컴퓨터공학과,2,5,73,64,87,33,54,64,False,,,,
21000033,한승민,22,male,False,03,06,01,11,True,1,7,5,3,True,True,정보보호학과,2,2,17,76,78,63,31,33,False,,,,
18000024,김민서,22,female,False,03,10,22,07,False,4,1,2,2,True,True,정보보호학과,6,1,52,100,52,16,77,81,False,,,,
20000032,박서윤,21,female,False,00,11,00,06,True,5,0,1,7,True,True,정보보호학과,1,3,71,89,78,39,45,51,False,,,,
23000026,이예준,24,male,False,22,10,22,11,True,3,2,3,0,True,True,자유전공학부,6,1,20,58,29,46,57,51,False,,,,
25000024,김소윤,22,female,False,02,10,02,06,False,3,2,5,0,False,False,자유전공학부,0,3,19,30,38,51,28,25,False,,,,
25000025,오다은,26,female,False,00,07,03,08,False,6,7,2,1,False,False,컴퓨터공학과,4,4,40,2,84,11,90,38,False,,,,
25000026,최지훈,25,male,False,01,06,22,07,False,5,3,2,7,True,False,정보보호학과,5,1,56,1,25,17,74,76,False,,,,
20000033,김민서,25,female,True,02,10,02,08,False,1,7,1,2,True,False,정보보호학과,6,1,70,86,62,25,54,11,False,,,,
20000034,장소윤,28,female,False,01,08,01,07,True,5,5,3,6,True,True,자유전공학부,4,3,85,78,43,28,36,92,False,,,,
24000030,안지훈,23,male,False,22,11,23,11,False,6,7,5,5,True,True,경영학부,3,2,16,11,26,67,58,30,False,,,,
19000036,이민준,25,male,True,00,06,23,09,True,3,5,3,4,True,True,자유전공학부,6,4,21,44,82,91,11,15,False,,,,
19000037,박지안,28,female,False,03,10,23,10,False,6,5,2,0,False,True,경영학부,2,3,83,58,90,66,35,99,False,,,,
19000038,고지후,21,male,False,01,07,03,06,False,1,4,3,2,True,False,정보보호학과,1,2,90,32,25,25,97,0,False,,,,
22000023,김지우,27,female,True,23,07,03,07,True,2,3,2,2,False,False,정보보호학과,0,1,11,62,15,50,100,82,False,,,,
20000035,윤지민,25,female,True,22,11,03,10,False,5,0,2,6,True,False,정보보호학과,4,2,43,74,53,27,63,59,False,,,,
20000036,김나연,21,female,True,23,06,01,09,False,5,2,4,0,False,False,컴퓨터공학과,4,4,20,70,36,82,11,50,False,,,,
24000031,윤예은,21,female,False,01,07,22,10,False,6,6,4,3,False,False,경영학부,7,4,60,16,29,21,23,41,False,,,,
23000027,고시우,21,male,False,01,08,02,10,False,1,5,5,7,True,True,컴퓨터공학과,5,2,45,69,45,23,32,14,False,,,,
25000027,권유준,25,male,False,00,06,01,11,True,0,1,4,2,False,True,경제학과,0,5,23,5,91,85,6,84,False,,,,
18000025,박지훈,28,male,False,23,06,02,09,True,4,0,5,1,True,True,경영학부,4,1,6,9,82,94,31,7,False,,,,
22000024,권건우,22,male,True,00,10,01,09,True,5,0,4,6,True,False,컴퓨터공학과,6,5,99,12,100,51,36,31,False,,,,
23000028,이시윤,28,male,False,22,11,02,08,False,0,7,5,6,True,True,자유전공학부,2,3,5,10,64,57,49,5,False,,,,
22000025,최예은,21,female,False,01,10,00,06,False,4,5,4,6,True,True,경영학부,0,3,18,6,58,87,26,86,False,,,,
22000026,김지민,27,female,False,01,07,23,08,False,6,1,3,4,True,True,경제학과,0,3,78,53,82,42,63,93,False,,,,
21000034,홍서준,21,male,True,22,08,02,09,True,3,6,2,0,False,False,경제학과,6,2,32,28,17,36,12,9,False,,,,
18000026,이승민,24,male,False,00,07,02,11,False,2,3,4,5,False,False,자유전공학부,5,4,94,60,62,89,13,34,False,,,,
22000027,김하준,22,male,False,03,11,22,09,False,7,5,3,4,True,True,정보보호학과,1,1,73,97,16,77,18,78,False,,,,
25000028,백예은,20,female,False,01,08,00,09,True,2,1,5,7,True,True,경영학부,7,3,95,84,90,41,35,2,False,,,,
21000035,한지훈,25,male,True,02,08,02,08,False,1,3,3,7,True,True,경제학과,2,4,59,32,68,82,66,53,False,,,,
19000039,강민준,28,male,False,02,06,22,06,False,5,0,1,6,True,False,정보보호학과,4,5,37,85,33,19,1,94,False,,,,
23000029,이현우,20,male,False,02,06,23,11,True,1,4,5,6,True,False,자유전공학부,4,3,59,56,67,10,83,0,False,,,,
17000038,김서준,20,male,True,02,11,02,10,False,7,6,3,7,False,False,컴퓨터공학과,3,5,47,77,84,29,42,94,False,,,,
20000037,차수아,25,female,False,22,09,01,08,False,3,4,5,4,True,True,경제학과,5,5,1,39,49,64,18,7,False,,,,
20000038,김지안,28,female,False,02,07,03,09,False,3,0,5,2,True,False,컴퓨터공학과,0,1,81,73,48,35,39,46,False,,,,
18000027,김하윤,25,female,False,23,08,22,09,False,4,0,1,1,True,False,경제학과,0,5,57,34,8,28,9,12,False,,,,
23000030,김예린,22,female,True,22,10,02,07,False,4,6,5,0,True,False,경제학과,6,1,69,48,31,1,54,51,False,,,,
20000039,최서연,22,female,False,22,10,00,07,True,5,6,3,4,True,True,자유전공학부,2,4,20,73,30,90,34,1,False,,,,
25000029,유민서,23,female,True,23,09,01,07,True,0,3,5,2,True,False,컴퓨터공학과,3,3,52,54,8,95,92,73,False,,,,
23000031,최나연,23,female,False,00,09,02,08,True,4,6,4,0,True,False,자유전공학부,6,3,42,0,57,73,55,10,False,,,,
22000028,이예준,25,male,True,22,08,00,07,True,7,7,5,5,True,False,정보보호학과,7,5,2,82,37,76,79,82,False,,,,
25000030,박시윤,23,male,False,01,06,00,09,True,3,1,4,3,False,True,경영학부,5,3,95,4,95,44,76,59,False,,,,
20000040,한건우,20,male,False,00,06,22,10,False,7,7,2,3,False,True,자유전공학부,0,3,10,56,16,72,87,34,False,,,,
19000040,김나연,20,female,True,00,09,23,08,False,3,7,4,1,False,False,경영학부,1,2,32,36,31,82,64,68,False,,,,
17000039,이수아,22,female,False,22,08,01,10,True,2,0,5,3,False,False,정보보호학과,5,1,21,6,14,19,11,99,False,,,,
21000036,권민준,22,male,False,01,07,23,10,False,4,2,3,2,True,False,경영학부,2,1,93,27,46,51,23,64,False,,,,
25000031,이유준,27,male,False,22,07,22,07,True,0,6,4,4,False,False,컴퓨터공학과,5,5,1,86,35,8,73,0,False,,,,
17000040,이지안,22,female,False,03,07,01,11,True,2,5,4,3,False,False,경제학과,5,3,9,25,36,75,73,47,False,,,,
25000032,한하준,26,male,False,23,08,02,08,False,3,3,2,4,True,False,경영학부,4,1,41,92,55,41,64,8,False,,,,
18000028,김대현,23,male,False,00,10,23,07,False,4,2,2,7,False,True,컴퓨터공학과,7,4,35,6,62,16,14,13,False,,,,
24000032,이유나,21,female,True,00,07,01,10,False,0,5,1,2,False,True,경영학부,3,2,90,49,33,53,57,22,False,,,,
20000041,엄예린,24,female,False,23,11,01,07,False,4,3,2,1,False,True,경제학과,7,4,69,23,11,72,29,30,False,,,,
25000033,이유나,20,female,False,03,11,23,11,False,7,2,1,6,False,False,자유전공학부,4,4,84,19,52,11,11,34,False,,,,
25000034,박서준,21,male,True,00,09,23,07,False,5,7,2,0,True,True,컴퓨터공학과,7,3,99,90,40,75,44,73,False,,,,
21000037,김지후,28,male,False,03,10,00,08,False,3,7,1,0,True,True,정보보호학과,3,1,8,50,0,52,63,72,False,,,,
18000029,김승민,26,male,True,03,07,03,11,True,6,6,1,0,False,True,자유전공학부,1,1,2,12,45,92,77,42,False,,,,
22000029,오민준,26,male,False,01,10,02,08,False,2,4,5,7,False,True,자유전공학부,6,1,27,9,10,60,53,19,False,,,,
23000032,박수아,23,female,False,22,10,22,07,True,3,2,5,2,True,False,자유전공학부,3,5,15,86,74,100,30,91,False,,,,
20000042,김나연,20,female,False,03,07,00,06,True,5,4,3,7,True,True,경제학과,1,4,7,44,87,78,35,34,False,,,,
24000033,박유나,21,female,True,00,07,01,07,False,5,4,5,0,False,True,경제학과,4,4,22,17,69,89,58,95,False,,,,
22000030,서유나,25,female,True,23,08,01,11,False,6,6,3,2,True,True,정보보호학과,5,1,66,77,28,48,31,65,False,,,,
22000031,박서준,24,male,True,02,08,01,09,False,0,7,3,6,False,True,컴퓨터공학과,1,1,20,16,88,42,29,59,False,,,,
19000041,배지훈,24,male,False,23,07,00,10,False,2,5,5,3,False,True,경제학과,2,1,63,50,17,46,71,90,False,,,,
21000038,박민준,22,male,False,23,11,02,06,True,3,4,3,7,False,False,정보보호학과,5,3,42,58,90,63,32,84,False,,,,
24000034,류대현,28,male,False,22,11,00,10,False,2,1,4,2,True,True,자유전공학부,3,1,79,4,49,23,69,90,False,,,,
24000035,서지안,21,female,False,02,11,00,07,True,1,5,2,1,False,True,경영학부,2,5,94,83,12,40,71,11,False,,,,
23000033,서승민,25,male,False,23,06,22,11,False,2,5,2,5,True,True,컴퓨터공학과,5,2,71,99,34,56,71,50,False,,,,
22000032,박은우,27,male,False,01,09,01,06,False,7,7,1,1,True,False,경제학과,1,1,94,37,11,35,33,21,False,,,,
21000039,이유나,28,female,True,01,09,02,10,False,7,5,2,1,False,False,자유전공학부,4,1,3,19,67,51,0,64,False,,,,
23000034,이지후,22,male,False,02,08,02,08,True,1,2,4,1,True,False,경제학과,4,1,80,67,80,99,51,0,False,,,,
17000041,송시윤,27,male,False,02,09,02,11,True,4,6,3,1,False,True,자유전공학부,2,5,35,64,30,40,88,16,False,,,,
18000030,이승현,21,male,True,03,07,00,10,True,5,7,2,1,False,False,경제학과,5,5,80,96,19,36,42,20,False,,,,
24000036,이은서,26,female,True,02,08,03,08,True,0,5,2,6,False,False,자유전공학부,7,1,72,35,66,73,36,10,False,,,,
18000031,김준우,28,male,False,00,10,00,11,False,0,2,5,3,True,False,정보보호학과,5,4,41,13,81,41,91,19,False,,,,
19000042,김민서,23,female,False,01,06,03,10,False,1,3,4,2,False,False,경제학과,6,5,26,18,11,25,89,45,False,,,,
19000043,홍시윤,26,male,False,23,11,03,08,False,5,7,3,3,True,True,컴퓨터공학과,6,4,17,59,95,74,60,45,False,,,,
22000033,박소윤,20,female,True,23,07,22,08,True,5,0,5,2,False,True,경영학부,7,3,27,62,13,69,21,5,False,,,,
20000043,박민준,21,male,False,23,10,03,10,False,1,7,3,3,False,False,자유전공학부,7,5,76,82,100,75,96,15,False,,,,
23000035,최다은,23,female,True,01,07,03,07,True,0,3,2,4,False,True,자유전공학부,0,3,5,58,87,87,36,70,False,,,,
24000037,박유준,23,male,False,00,07,22,10,False,6,6,2,0,False,True,경제학과,7,5,55,33,77,79,64,44,False,,,,
19000044,허다은,20,female,False,00,11,02,11,True,5,3,5,4,True,False,컴퓨터공학과,5,2,18,33,72,19,100,14,False,,,,
25000035,박민서,25,female,False,22,11,03,10,False,5,0,2,1,False,False,컴퓨터공학과,1,3,99,45,14,88,12,41,False,,,,
21000040,류재윤,20,male,True,03,06,22,06,False,4,7,3,2,False,False,경영학부,1,3,27,29,68,25,35,92,False,,,,
21000041,고민수,22,male,False,23,06,22,09,False,2,1,5,6,False,True,경제학과,7,4,78,1,58,31,62,10,False,,,,
21000042,우도윤,28,male,False,02,11,03,09,False,4,2,1,2,False,False,컴퓨터공학과,0,3,89,36,15,75,21,20,False,,,,
18000032,김시우,21,male,True,22,07,00,07,False,4,3,2,3,True,False,정보보호학과,5,1,35,80,16,19,12,46,False,,,,
19000045,이건우,20,male,False,00,07,03,10,True,1,4,5,0,False,True,정보보호학과,2,2,89,24,20,38,3,91,False,,,,
21000043,성은서,20,female,False,00,11,23,07,True,4,3,3,7,True,True,경영학부,1,4,82,25,77,13,99,30,False,,,,
17000042,이다은,20,female,True,01,06,23,07,False,7,5,3,5,False,True,자유전공학부,0,5,45,41,95,39,92,3,False,,,,
23000036,황지안,28,female,True,22,10,23,08,True,2,4,5,5,False,False,자유전공학부,5,1,10,15,88,11,81,77,False,,,,
18000033,박은우,23,male,True,23,09,01,10,True,7,7,5,1,False,True,자유전공학부,2,4,5,77,52,46,63,53,False,,,,
23000037,김서윤,27,female,False,02,11,01,11,False,1,4,4,7,True,False,경영학부,7,3,75,42,37,65,36,35,False,,,,
18000034,박민서,22,female,False,23,06,23,06,False,1,3,3,2,True,True,정보보호학과,2,5,31,89,33,88,67,1,False,,,,
24000038,서지훈,22,male,True,00,09,22,11,False,1,2,2,1,True,True,경제학과,4,4,46,96,79,40,65,48,False,,,,
21000044,유채원,21,female,False,22,06,01,07,False,7,2,5,7,True,True,컴퓨터공학과,0,3,29,14,40,69,100,66,False,,,,
20000044,이서연,22,female,True,22,06,01,09,True,0,2,3,3,True,True,경영학부,4,2,66,47,45,63,73,93,False,,,,
17000043,진지우,25,female,True,22,10,02,08,True,7,7,3,5,False,False,컴퓨터공학과,7,2,81,68,42,96,33,58,False,,,,
19000046,이대현,26,male,True,00,09,01,09,True,0,1,1,6,True,False,경영학부,4,2,72,10,9,12,4,3,False,,,,
19000047,박지민,26,female,False,01,09,23,11,False,1,2,3,2,True,True,경영학부,4,5,28,4,63,32,30,61,False,,,,
21000045,민은우,26,male,False,02,06,22,09,False,5,5,5,6,True,False,자유전공학부,1,1,27,87,39,2,16,54,False,,,,
25000036,홍민수,22,male,False,22,06,23,06,False,4,7,5,1,False,True,경영학부,6,4,19,28,61,75,81,47,False,,,,
24000039,최하윤,23,female,True,22,06,03,07,True,6,5,2,6,True,False,컴퓨터공학과,7,2,6,12,86,64,56,49,False,,,,
25000037,문예준,28,male,True,23,09,22,08,True,1,0,2,3,True,True,정보보호학과,3,5,15,55,76,71,73,70,False,,,,
20000045,박서윤,20,female,False,01,08,22,11,True,0,3,5,3,False,True,정보보호학과,3,3,81,89,78,94,5,83,False,,,,
17000044,이승현,21,male,True,23,06,02,10,True,5,4,5,4,False,False,자유전공학부,0,3,22,95,43,22,48,5,False,,,,
23000038,구재윤,23,male,False,23,06,01,09,False,7,5,1,7,False,False,자유전공학부,2,1,54,26,33,62,41,54,False,,,,
19000048,이지안,25,female,False,23,09,01,07,False,2,7,3,4,True,False,경영학부,2,3,68,9,51,63,5,77,False,,,,
25000038,박서윤,26,female,False,03,11,22,09,False,5,3,1,7,False,True,정보보호학과,4,5,57,47,57,31,59,24,False,,,,
19000049,황채원,27,female,False,00,06,03,06,False,6,3,5,4,True,True,경제학과,3,1,89,45,100,75,23,30,False,,,,
21000046,권유준,24,male,True,23,06,23,09,True,4,5,3,2,False,True,컴퓨터공학과,6,2,35,45,70,73,7,89,False,,,,
25000039,김지훈,26,male,False,03,09,01,08,False,2,6,5,3,False,True,경제학과,2,3,36,73,74,16,69,8,False,,,,
19000050,송지민,26,female,False,00,07,23,08,False,3,0,1,0,False,False,컴퓨터공학과,6,3,48,38,50,89,70,39,False,,,,
23000039,이시우,28,male,False,02,08,23,07,False,5,7,2,1,True,True,경제학과,6,5,8,51,94,78,0,57,False,,,,
25000040,박도윤,22,male,False,02,11,22,09,False,3,7,3,3,False,False,컴퓨터공학과,3,3,7,71,90,12,90,1,False,,,,
24000040,노지우,21,female,True,03,09,03,10,False,4,2,4,0,True,False,정보보호학과,5,1,24,56,54,29,13,60,False,,,,
19000051,황예린,20,female,True,00,11,23,08,False,1,4,5,0,True,False,경영학부,4,4,15,91,91,94,41,15,False,,,,
19000052,박유준,23,male,False,02,10,00,06,False,5,0,5,6,True,True,자유전공학부,3,5,66,2,72,70,75,64,False,,,,
24000041,문준우,22,male,False,03,08,01,06,False,7,3,3,0,False,True,컴퓨터공학과,5,5,7,28,51,57,84,28,False,,,,
24000042,김유나,23,female,False,22,11,03,11,True,3,3,4,6,True,True,경제학과,2,1,73,18,78,99,50,23,False,,,,
23000040,안유나,28,female,False,02,09,00,07,False,1,1,2,6,False,False,정보보호학과,7,3,49,72,63,45,36,65,False,,,,
23000041,이채원,23,female,False,02,11,02,06,False,5,3,5,2,False,False,정보보호학과,1,4,13,37,10,64,99,0,False,,,,
24000043,김은우,20,male,True,22,10,22,07,True,6,2,3,2,True,False,컴퓨터공학과,1,5,100,47,29,44,15,60,False,,,,
24000044,송윤서,23,female,False,01,07,23,08,False,1,2,3,5,True,False,자유전공학부,7,1,97,11,62,2,9,50,False,,,,
18000035,강대현,25,male,False,23,08,00,11,False,7,1,3,0,True,True,자유전공학부,2,1,79,63,43,1,75,30,False,,,,
23000042,송은서,26,female,False,02,09,03,09,True,4,5,2,2,False,True,정보보호학과,2,2,93,60,74,71,15,22,False,,,,
17000045,김은서,27,female,False,23,11,01,11,True,6,1,5,5,True,True,컴퓨터공학과,2,2,41,16,93,87,55,54,False,,,,
21000047,류예준,23,male,False,03,09,03,10,True,2,5,1,4,False,True,경영학부,7,5,64,72,2,93,82,48,False,,,,
17000046,김소윤,23,female,False,01,09,01,09,False,7,3,5,0,True,True,정보보호학과,4,3,25,37,82,20,97,43,False,,,,
21000048,문서윤,25,female,False,22,09,03,11,False,1,3,5,4,False,True,자유전공학부,3,2,11,10,98,57,51,23,False,,,,
18000036,김은우,23,male,False,23,07,00,10,True,0,4,3,2,True,False,컴퓨터공학과,0,4,22,20,22,82,68,84,False,,,,
24000045,류서준,27,male,True,03,08,23,08,False,5,4,1,6,True,False,정보보호학과,1,2,3,92,19,73,55,36,False,,,,
17000047,박대현,25,male,True,22,11,02,06,True,6,4,5,1,False,False,경영학부,1,4,8,8,94,59,26,81,False,,,,
21000049,박나연,26,female,True,22,09,02,11,False,6,0,3,5,True,False,정보보호학과,3,4,73,41,77,41,17,50,False,,,,
24000046,한서윤,20,female,False,23,11,01,10,False,5,3,5,0,False,False,자유전공학부,7,1,43,52,50,80,88,22,False,,,,
24000047,백건우,20,male,False,00,07,23,06,False,7,1,4,6,False,True,경영학부,0,5,18,68,29,83,82,19,False,,,,
22000034,문민서,25,female,False,03,06,22,11,False,0,6,1,4,False,False,경제학과,1,2,81,51,73,16,56,35,False,,,,
22000035,이준우,21,male,True,01,11,01,08,True,3,4,1,2,True,False,자유전공학부,1,3,99,58,55,1,95,73,False,,,,
25000041,송은우,27,male,False,23,10,01,06,True,6,1,2,7,False,False,경제학과,0,5,38,80,52,18,8,73,False,,,,
19000053,황다은,23,female,False,02,09,03,10,False,0,3,2,6,True,False,자유전공학부,1,5,63,44,83,15,51,91,False,,,,
20000046,김다은,28,female,False,03,10,22,07,False,0,4,5,6,True,False,경영학부,1,5,9,0,29,60,100,9,False,,,,
18000037,장채원,22,female,False,23,06,00,09,False,1,6,2,2,False,True,정보보호학과,2,5,77,53,81,55,78,65,False,,,,
21000050,김소윤,24,female,False,23,06,01,10,True,4,3,5,3,False,False,자유전공학부,2,3,49,92,54,78,87,98,False,,,,
20000047,박소윤,23,female,False,22,10,01,10,False,1,5,3,2,True,False,정보보호학과,7,4,79,85,100,88,37,55,False,,,,
23000043,류나연,24,female,False,02,10,00,09,True,2,1,3,4,True,False,컴퓨터공학과,1,1,5,24,76,98,21,45,False,,,,
25000042,김서연,22,female,False,23,06,23,06,True,4,4,4,3,False,True,자유전공학부,5,4,77,81,26,46,88,26,False,,,,
17000048,윤도윤,21,male,False,01,09,03,10,False,5,6,5,7,True,False,자유전공학부,3,4,62,32,42,16,31,28,False,,,,
20000048,김시윤,23,male,False,00,10,22,09,False,6,2,4,3,False,False,자유전공학부,5,3,39,1,63,19,14,79,False,,,,
25000043,나시우,25,male,True,03,10,03,09,False,6,4,1,6,True,False,컴퓨터공학과,0,3,89,60,16,0,14,34,False,,,,
20000049,김예준,26,male,False,03,09,23,09,True,6,7,2,6,False,True,컴퓨터공학과,1,3,14,19,9,3,1,3,False,,,,
22000036,김지민,28,female,True,01,08,02,06,False,3,7,1,7,False,True,자유전공학부,7,2,15,92,14,97,82,68,False,,,,
18000038,송대현,22,male,False,01,11,03,07,False,1,4,3,1,False,False,경영학부,6,4,14,94,14,38,27,36,False,,,,
24000048,이지훈,24,male,False,22,08,03,08,True,4,1,4,1,True,False,컴퓨터공학과,1,3,63,41,60,81,30,66,False,,,,
23000044,황소윤,25,female,False,23,09,23,11,False,3,0,2,2,False,True,컴퓨터공학과,0,3,21,70,97,53,19,53,False,,,,
17000049,홍은우,23,male,False,01,10,00,07,False,0,0,1,0,False,True,경영학부,5,4,68,66,54,17,55,33,False,,,,
25000044,김서윤,20,female,False,22,07,22,11,True,4,2,5,0,False,False,정보보호학과,2,3,22,11,54,3,37,7,False,,,,
22000037,김현우,22,male,True,22,08,23,09,True,7,4,1,5,False,True,정보보호학과,6,3,100,42,70,50,81,27,False,,,,
17000050,민도윤,23,male,False,02,09,23,09,False,1,4,1,0,False,False,자유전공학부,4,1,2,18,19,47,89,9,False,,,,
25000045,김서윤,23,female,True,02,11,00,06,False,2,5,2,0,False,False,경제학과,2,2,75,81,5,66,44,58,False,,,,
17000051,황예은,23,female,True,02,06,22,07,False,1,1,4,3,False,True,경제학과,6,1,80,82,9,63,0,61,False,,,,
19000054,우하준,24,male,False,02,09,22,10,False,0,7,2,7,True,True,경영학부,6,3,61,76,6,49,38,92,False,,,,
22000038,민지훈,24,male,False,22,11,02,11,False,7,1,1,0,True,True,경제학과,0,4,52,66,25,70,63,85,False,,,,
22000039,송유준,22,male,False,22,06,22,09,True,1,0,4,1,False,False,자유전공학부,2,5,67,56,2,90,8,68,False,,,,
17000052,박은서,27,female,True,01,09,03,09,True,1,1,3,4,False,False,경영학부,3,1,6,65,71,38,96,44,False,,,,
22000040,김시윤,23,male,True,02,06,01,08,True,2,7,5,0,True,False,정보보호학과,6,5,53,36,45,32,81,71,False,,,,
20000050,박준우,21,male,False,03,07,00,08,False,4,3,1,0,False,False,자유전공학부,5,3,16,93,73,72,10,2,False,,,,
24000049,지지우,26,female,True,02,06,02,09,False,1,7,4,1,False,True,경영학부,5,4,50,51,21,4,54,72,False,,,,
21000051,박하윤,21,female,True,02,06,22,10,False,7,7,5,6,True,False,정보보호학과,2,3,34,50,0,15,83,31,False,,,,
17000053,한준우,27,male,False,03,09,22,06,False,3,6,1,7,True,True,경제학과,6,4,7,68,36,28,87,38,False,,,,
23000045,배대현,21,male,True,03,07,00,11,False,1,2,3,1,False,True,정보보호학과,0,5,47,1,34,64,70,14,False,,,,
20000051,이지우,26,female,False,22,06,23,08,False,3,0,5,2,False,False,경제학과,6,1,62,65,96,29,4,25,False,,,,
20000052,김수아,22,female,False,01,07,01,08,True,6,1,3,6,True,True,컴퓨터공학과,7,3,52,75,75,25,95,89,False,,,,
19000055,장건우,22,male,False,02,10,02,11,True,0,5,3,3,False,False,정보보호학과,4,5,13,37,62,5,2,3,False,,,,
21000052,김민수,25,male,False,02,09,23,08,False,6,6,2,4,True,False,자유전공학부,3,4,72,56,90,66,4,47,False,,,,
21000053,황지우,26,female,False,03,06,02,09,True,7,3,5,1,True,True,정보보호학과,7,1,39,50,26,31,51,78,False,,,,
19000056,박서연,27,female,False,03,09,03,06,False,4,3,2,3,False,True,경영학부,2,5,63,67,90,47,7,85,False,,,,
21000054,김민준,21,male,False,02,10,01,07,False,0,2,4,0,True,True,경제학과,0,5,29,78,21,70,78,70,False,,,,
17000054,유예은,20,female,False,23,07,00,09,False,3,1,3,4,False,True,정보보호학과,7,2,89,82,90,76,23,36,False,,,,
21000055,권지안,24,female,False,03,08,23,07,False,4,7,4,1,False,True,경제학과,4,5,89,52,39,62,69,67,False,,,,
17000055,조민수,21,male,False,02,10,22,08,False,5,2,1,3,False,False,경영학부,0,1,59,39,85,73,52,11,False,,,,
24000050,황유준,26,male,False,23,10,23,08,True,0,6,4,5,True,True,정보보호학과,2,3,78,25,96,65,66,22,False,,,,
18000039,박지안,20,female,False,03,08,02,08,True,1,7,2,6,False,True,자유전공학부,3,2,66,29,90,48,65,86,False,,,,
17000056,김현우,27,male,False,02,10,02,10,False,3,0,4,7,False,False,컴퓨터공학과,6,2,75,10,93,2,42,88,False,,,,
17000057,오윤서,23,female,False,22,09,00,09,False,3,7,2,6,False,True,경영학부,5,5,55,70,26,77,8,54,False,,,,
20000053,이서준,22,male,False,22,10,01,06,False,5,5,2,0,True,False,경영학부,5,1,32,43,24,79,88,67,False,,,,
24000051,김소윤,24,female,False,23,10,23,06,False,4,2,3,7,True,True,컴퓨터공학과,5,3,53,11,73,87,42,99,False,,,,
22000041,강하준,24,male,False,01,10,01,10,False,6,4,4,3,True,True,경영학부,2,3,11,30,59,94,100,63,False,,,,
24000052,송현우,23,male,False,00,09,00,10,False,3,2,3,4,False,False,자유전공학부,0,5,78,20,14,80,51,42,False,,,,
18000040,이하윤,20,female,False,01,09,03,07,False,5,0,4,4,False,False,자유전공학부,0,1,51,66,34,2,93,40,False,,,,
21000056,김서윤,28,female,False,02,10,00,11,True,3,7,3,0,False,True,자유전공학부,6,4,36,56,0,6,35,48,False,,,,
19000057,김재윤,24,male,False,00,08,23,07,False,4,3,2,4,True,True,정보보호학과,0,1,97,4,5,98,35,71,False,,,,
23000046,최지훈,24,male,False,03,06,00,09,False,3,3,3,4,False,False,경영학부,4,1,19,43,87,53,75,37,False,,,,
17000058,김은서,27,female,True,01,09,01,11,False,3,3,1,3,True,False,경제학과,4,4,21,89,76,72,67,47,False,,,,
19000058,이예린,20,female,True,22,06,00,11,True,4,3,2,1,True,False,자유전공학부,5,2,8,27,51,20,84,14,False,,,,
24000053,배서준,27,male,True,23,09,23,09,False,1,3,5,3,True,False,경제학과,6,3,88,84,77,49,93,98,False,,,,
19000059,장하윤,27,female,False,01,11,23,06,False,0,6,5,1,False,True,자유전공학부,3,3,75,66,21,90,93,15,False,,,,
17000059,송민준,25,male,True,03,10,03,10,False,0,7,1,5,True,True,경영학부,4,5,70,54,81,73,84,63,False,,,,
19000060,김예은,23,female,True,03,08,23,07,False,5,6,1,5,True,False,자유전공학부,1,2,56,53,0,67,44,75,False,,,,
17000060,윤민수,24,male,False,02,08,02,07,False,0,6,1,5,False,True,자유전공학부,3,2,19,66,29,21,74,10,False,,,,
24000054,박윤서,21,female,True,23,06,22,07,True,0,5,4,1,False,True,경영학부,3,3,38,91,90,97,34,79,False,,,,
24000055,유소윤,21,female,False,00,11,23,10,False,5,0,5,3,True,False,컴퓨터공학과,2,2,77,70,49,84,47,10,False,,,,
24000056,김민수,21,male,True,23,06,00,06,True,4,5,1,3,True,False,경제학과,6,4,91,75,55,83,32,56,False,,,,
17000061,조나연,23,female,False,01,09,22,08,True,4,1,2,2,False,True,경영학부,2,4,12,53,60,68,21,4,False,,,,
25000046,박준우,26,male,False,02,10,00,06,False,7,3,3,1,True,False,자유전공학부,5,4,93,46,71,53,86,80,False,,,,
18000041,한지민,23,female,True,23,07,00,11,False,1,4,1,6,True,False,컴퓨터공학과,1,2,88,15,77,79,100,70,False,,,,
19000061,심승민,21,male,False,02,10,01,10,True,0,0,5,7,True,True,경제학과,3,3,16,35,57,85,47,61,False,,,,
18000042,서시우,28,male,False,22,06,02,07,False,4,6,5,2,True,False,자유전공학부,1,2,16,27,2,98,75,81,False,,,,
17000062,박민수,24,male,False,01,10,01,11,False,4,5,5,4,True,False,컴퓨터공학과,7,1,48,68,31,86,22,97,False,,,,
17000063,문지안,22,female,False,00,07,00,10,True,2,3,4,3,True,False,컴퓨터공학과,2,5,44,33,8,69,50,39,False,,,,
24000057,박유준,20,male,False,22,10,03,11,False,5,6,3,0,True,False,컴퓨터공학과,2,5,14,16,20,19,68,77,False,,,,
19000062,박나연,20,female,True,22,08,22,10,False,4,0,2,3,True,False,경영학부,5,5,21,18,57,9,50,95,False,,,,
25000047,박유준,25,male,False,02,09,22,06,True,3,4,1,7,False,True,자유전공학부,0,5,32,49,78,52,68,1,False,,,,
25000048,손서윤,23,female,True,23,10,02,08,False,0,2,5,3,True,False,자유전공학부,5,4,87,26,13,93,76,89,False,,,,
19000063,박현우,27,male,True,23,07,01,08,False,7,6,3,0,False,False,경제학과,2,3,51,47,14,39,45,79,False,,,,
17000064,서수아,28,female,False,02,10,02,09,True,4,4,2,6,False,True,자유전공학부,1,3,53,54,95,1,32,54,False,,,,
23000047,김준우,27,male,True,03,10,03,09,False,2,2,3,7,False,False,컴퓨터공학과,7,3,98,86,56,24,22,98,False,,,,
17000065,박현우,23,male,True,23,07,03,10,False,3,0,5,3,True,True,컴퓨터공학과,3,3,58,1,83,87,80,93,False,,,,
20000054,박서연,27,female,False,03,06,02,06,False,1,2,5,2,True,True,자유전공학부,7,1,76,61,12,100,16,20,False,,,,
25000049,최하윤,22,female,False,03,09,03,08,False,7,0,1,5,False,False,컴퓨터공학과,3,3,64,18,19,89,78,68,False,,,,
20000055,이승현,26,male,False,22,10,03,11,True,1,4,2,4,True,True,자유전공학부,3,5,52,37,38,66,9,89,False,,,,
18000043,박하윤,27,female,True,00,09,02,10,False,1,5,1,0,True,False,자유전공학부,6,2,32,99,30,49,41,34,False,,,,
24000058,최은서,25,female,True,22,10,00,10,True,0,3,1,2,False,False,정보보호학과,5,4,26,8,59,62,53,42,False,,,,
17000066,김승민,26,male,True,01,08,23,06,False,4,7,2,2,False,False,정보보호학과,0,2,72,70,3,76,88,60,False,,,,
20000056,김민준,23,male,True,00,07,22,08,False,6,0,3,4,True,False,자유전공학부,2,2,79,93,100,60,70,29,False,,,,
21000057,주서윤,21,female,True,22,06,03,07,True,5,3,2,1,True,False,경제학과,1,4,81,7,80,33,34,95,False,,,,
25000050,박지안,25,female,False,22,10,00,07,False,4,6,3,0,True,False,컴퓨터공학과,5,2,3,94,81,22,36,53,False,,,,
20000057,최대현,24,male,True,00,06,01,06,False,4,5,2,2,True,True,컴퓨터공학과,6,3,11,63,0,96,63,30,False,,,,
17000067,주시윤,26,male,False,00,06,02,08,True,7,7,5,2,True,False,정보보호학과,4,4,64,96,68,24,10,26,False,,,,
17000068,오준우,27,male,True,03,08,00,06,False,7,5,4,3,False,True,정보보호학과,1,5,90,5,74,25,29,80,False,,,,
20000058,박은우,23,male,True,01,07,02,10,False,2,1,5,0,False,True,경제학과,5,1,82,8,1,59,84,10,False,,,,
21000058,김은서,21,female,False,22,11,03,09,True,6,0,4,4,True,False,경영학부,4,5,65,96,21,35,66,69,False,,,,
22000042,김민준,23,male,False,03,08,01,07,False,5,4,1,0,True,True,자유전공학부,2,2,42,28,62,35,36,2,False,,,,
22000043,김재윤,20,male,True,03,11,01,06,False,3,3,1,7,False,True,컴퓨터공학과,5,2,88,43,54,97,4,7,False,,,,
22000044,김민준,26,male,False,02,10,22,06,False,5,0,3,4,True,True,경영학부,0,3,45,71,5,4,41,13,False,,,,
25000051,박채원,23,female,False,23,06,23,09,False,1,3,1,0,True,False,정보보호학과,4,5,70,1,3,1,49,49,False,,,,
23000048,김하준,23,male,True,22,09,00,09,False,0,0,5,7,False,False,컴퓨터공학과,1,4,55,33,7,87,61,59,False,,,,
18000044,박대현,27,male,False,23,09,23,08,False,2,3,4,0,False,False,정보보호학과,0,5,32,74,58,88,93,33,False,,,,
20000059,송윤서,21,female,False,01,08,03,08,False,1,2,1,2,False,False,경영학부,0,2,59,39,85,60,82,37,False,,,,
24000059,김현우,23,male,True,02,08,03,07,True,0,4,1,5,False,False,컴퓨터공학과,1,2,23,13,77,47,83,34,False,,,,
17000069,박유준,23,male,False,23,08,03,09,False,7,2,4,3,True,False,자유전공학부,3,4,93,98,45,16,27,56,False,,,,
25000052,김윤서,23,female,True,01,11,03,11,True,0,7,1,3,True,False,정보보호학과,1,2,1,74,40,10,5,28,False,,,,
22000045,오나연,24,female,False,02,09,01,10,False,3,2,1,7,False,True,경제학과,7,2,92,39,71,88,15,14,False,,,,
19000064,김재윤,28,male,False,22,08,22,11,True,6,7,5,0,False,False,자유전공학부,7,2,73,68,17,59,3,98,False,,,,
19000065,박유나,20,female,False,01,07,02,08,False,5,5,4,2,True,True,경영학부,0,3,15,94,47,82,55,54,False,,,,
18000045,오지우,23,female,False,22,08,00,11,True,6,4,5,6,True,True,경제학과,6,1,96,16,32,84,4,2,False,,,,
18000046,김지우,25,female,True,01,06,01,09,False,2,0,3,6,True,True,경제학과,3,5,17,93,49,77,41,32,False,,,,
23000049,황수아,23,female,False,22,08,23,10,False,4,7,3,5,True,False,컴퓨터공학과,3,3,37,92,69,3,46,54,False,,,,
18000047,이시윤,24,male,False,02,11,23,09,False,5,4,2,7,False,False,자유전공학부,0,3,53,69,88,88,57,96,False,,,,
18000048,김지우,20,female,False,22,09,00,10,True,6,3,2,7,True,True,정보보호학과,5,5,95,5,76,81,7,54,False,,,,
17000070,손하윤,28,female,True,22,06,00,07,True,2,4,2,0,True,True,경영학부,5,1,74,34,77,67,35,100,False,,,,
25000053,이나연,20,female,False,23,10,22,07,False,2,6,3,6,True,True,자유전공학부,2,3,13,66,100,46,36,13,False,,,,
20000060,김지후,28,male,True,01,07,03,10,False,6,7,4,4,True,False,경제학과,3,4,68,63,44,6,18,36,False,,,,
18000049,류하준,22,male,False,01,07,23,10,False,7,6,3,1,True,True,경영학부,0,3,65,83,87,85,8,34,False,,,,
22000046,이재윤,22,male,False,02,06,22,07,True,5,0,3,6,False,False,경제학과,2,5,73,48,25,98,100,78,False,,,,
18000050,강시윤,25,male,False,22,08,22,08,False,3,2,1,4,False,True,정보보호학과,2,4,56,51,27,28,62,9,False,,,,
21000059,이채원,23,female,True,03,11,22,09,False,5,4,4,7,True,False,정보보호학과,0,3,78,31,68,93,98,37,False,,,,
18000051,박준우,25,male,True,22,09,02,09,False,7,7,1,4,False,False,정보보호학과,6,5,55,73,52,93,61,93,False,,,,
22000047,이소윤,21,female,False,22,11,01,11,False,4,5,4,6,False,True,경영학부,6,3,53,77,45,13,41,17,False,,,,
21000060,류지민,22,female,False,01,09,02,07,True,1,4,3,4,True,True,정보보호학과,6,5,51,56,46,12,82,56,False,,,,
24000060,이예린,24,female,False,02,07,01,09,True,7,2,1,4,False,True,컴퓨터공학과,1,4,95,51,91,94,20,88,False,,,,
23000050,최준우,23,male,False,23,08,01,07,True,3,4,5,5,True,False,정보보호학과,3,4,88,4,34,76,53,60,False,,,,
18000052,이예린,27,female,False,23,11,01,10,False,0,6,3,7,True,True,경제학과,5,5,27,33,45,61,55,81,False,,,,
17000071,이하윤,22,female,False,23,06,03,06,False,7,3,4,5,False,False,경영학부,3,5,57,9,67,71,20,80,False,,,,
17000072,이도윤,20,male,True,23,08,00,07,True,0,0,4,1,False,True,컴퓨터공학과,3,2,23,16,17,81,72,45,False,,,,
24000061,박서윤,23,female,True,23,08,03,06,False,5,4,1,2,True,True,컴퓨터공학과,7,1,52,48,18,83,84,78,False,,,,
22000048,김서연,20,female,False,23,06,01,10,False,0,4,1,1,False,True,정보보호학과,3,4,45,22,27,94,23,45,False,,,,
21000061,강지훈,20,male,False,22,10,00,10,True,3,7,4,3,True,True,경영학부,3,5,13,86,14,65,56,85,False,,,,
25000054,김시윤,26,male,True,00,06,23,09,True,1,1,5,6,True,False,경제학과,3,1,76,78,51,47,41,72,False,,,,
18000053,김건우,26,male,False,03,11,23,09,True,0,2,1,4,False,False,경제학과,6,4,87,12,96,20,93,83,False,,,,
20000061,이예린,26,female,False,02,06,03,06,False,4,7,5,1,False,False,정보보호학과,1,1,30,61,35,14,25,44,False,,,,
25000055,홍지민,20,female,False,23,07,02,09,False,6,7,4,1,False,False,경제학과,2,5,27,5,28,79,26,31,False,,,,
19000066,권지훈,27,male,False,02,06,23,09,False,0,7,5,6,True,False,컴퓨터공학과,2,3,66,49,99,47,32,46,False,,,,
18000054,서다은,26,female,False,23,06,03,11,False,4,5,5,4,False,False,컴퓨터공학과,4,4,51,49,11,76,14,58,False,,,,
23000051,윤건우,20,male,True,00,09,22,07,False,5,7,3,7,False,False,자유전공학부,4,1,34,4,77,90,11,24,False,,,,
17000073,안서연,27,female,True,02,07,02,11,True,3,2,1,2,True,True,정보보호학과,0,2,32,30,32,18,76,96,False,,,,
20000062,한승민,26,male,True,03,10,03,08,False,2,7,2,5,True,True,컴퓨터공학과,7,5,42,91,29,44,35,79,False,,,,
25000056,신건우,20,male,False,23,11,00,08,False,6,4,5,7,True,False,정보보호학과,0,3,71,25,98,95,60,49,False,,,,
25000057,최서연,27,female,True,01,09,03,09,False,2,5,2,4,False,True,경제학과,6,2,52,8,48,95,59,79,False,,,,
19000067,김유준,27,male,True,03,10,02,11,False,0,6,4,2,False,False,경영학부,5,1,5,7,53,30,32,93,False,,,,
25000058,이서윤,21,female,False,00,07,00,08,False,3,3,1,4,False,True,경제학과,7,2,84,91,28,87,28,21,False,,,,
24000062,이예은,28,female,True,23,09,23,07,False,7,2,3,7,True,False,경제학과,5,1,80,92,4,84,24,66,False,,,,
18000055,이대현,25,male,False,23,08,22,06,False,7,3,3,2,False,True,정보보호학과,2,1,46,94,1,76,72,32,False,,,,
18000056,조승민,24,male,False,02,11,02,11,False,4,6,2,6,True,False,정보보호학과,1,3,53,5,14,96,20,8,False,,,,
18000057,김채원,27,female,False,00,08,23,09,False,0,0,4,7,False,False,경영학부,6,1,58,100,15,43,36,40,False,,,,
19000068,최재윤,27,male,True,00,11,23,09,True,4,2,1,0,True,True,자유전공학부,5,1,20,58,74,18,76,95,False,,,,
23000052,김나연,22,female,False,00,10,23,07,False,1,5,2,3,False,True,컴퓨터공학과,6,3,27,64,28,65,62,20,False,,,,
21000062,장지훈,22,male,False,03,07,22,08,False,5,7,4,5,False,False,정보보호학과,5,2,73,56,50,42,76,57,False,,,,
24000063,정서연,25,female,False,02,08,02,11,False,1,4,5,1,False,False,자유전공학부,6,1,90,99,52,58,37,85,False,,,,
23000053,박지우,25,female,False,00,07,01,10,True,2,5,5,1,False,True,경제학과,7,5,41,52,60,63,10,98,False,,,,
17000074,박승현,27,male,False,22,07,22,06,True,1,7,1,1,True,True,경제학과,1,1,61,86,53,6,23,78,False,,,,
21000063,손채원,25,female,False,22,09,22,09,True,6,4,3,6,False,True,경제학과,1,4,56,35,95,71,63,83,False,,,,
23000054,김시우,27,male,False,23,09,02,09,False,4,5,4,6,False,True,경제학과,2,4,26,63,62,57,92,100,False,,,,
18000058,이유나,26,female,False,02,06,22,07,False,7,6,5,5,True,False,정보보호학과,1,4,90,10,68,1,79,37,False,,,,
21000064,이예린,27,female,False,02,08,23,10,False,6,6,1,0,False,False,경제학과,7,5,87,28,29,14,24,94,False,,,,
22000049,김재윤,21,male,False,03,07,00,11,False,1,0,4,1,True,False,정보보호학과,1,2,16,75,21,11,16,18,False,,,,
17000075,김하준,26,male,False,23,07,02,08,False,3,7,3,2,True,False,경영학부,5,1,11,45,47,18,5,99,False,,,,
24000064,이지훈,21,male,True,00,09,01,11,False,5,3,3,7,True,True,컴퓨터공학과,1,5,82,42,3,58,12,83,False,,,,
25000059,주건우,20,male,False,23,10,01,07,False,0,4,2,4,False,False,자유전공학부,5,3,11,47,56,73,98,66,False,,,,
20000063,김승민,27,male,False,03,07,23,10,False,0,0,5,5,True,False,경영학부,7,1,93,35,1,15,65,42,False,,,,
20000064,김민서,22,female,False,22,08,01,11,True,6,2,4,7,False,False,컴퓨터공학과,7,2,73,85,30,17,73,72,False,,,,
23000055,전은서,28,female,False,22,07,01,11,False,4,0,4,4,True,False,경제학과,4,2,75,35,68,12,32,47,False,,,,
20000065,김시우,23,male,False,02,10,01,08,False,4,3,4,4,True,False,경영학부,0,4,94,83,22,96,86,71,False,,,,
25000060,김지우,20,female,True,01,10,22,11,False,3,4,4,0,False,True,경제학과,1,3,48,42,21,51,93,30,False,,,,
18000059,남지민,23,female,True,22,10,22,07,True,5,6,2,2,False,False,컴퓨터공학과,2,2,41,58,67,66,63,99,False,,,,
17000076,송서준,24,male,True,02,11,22,07,False,1,3,1,2,True,False,자유전공학부,5,4,30,79,95,91,27,8,False,,,,
20000066,엄채원,27,female,True,03,08,23,07,False,3,7,3,2,True,True,정보보호학과,1,5,20,4,88,14,41,89,False,,,,
25000061,김승현,25,male,False,22,11,02,10,False,0,4,4,4,True,True,컴퓨터공학과,3,3,8,13,36,83,30,55,False,,,,
20000067,김예은,23,female,False,23,10,02,11,False,2,0,2,3,False,True,경제학과,7,1,20,44,47,49,78,72,False,,,,
20000068,박하윤,20,female,True,23,06,22,07,False,0,6,3,6,False,True,경제학과,6,2,60,81,67,54,34,92,False,,,,
20000069,김현우,22,male,False,00,08,22,11,False,1,3,3,4,True,False,자유전공학부,3,3,71,78,85,85,38,83,False,,,,
17000077,이유준,20,male,False,01,09,23,06,False,1,2,2,5,True,True,정보보호학과,2,2,29,91,37,75,10,49,False,,,,
24000065,양도윤,22,male,False,22,10,03,08,True,5,1,3,4,True,True,경영학부,3,2,21,90,100,95,85,19,False,,,,
19000069,김민서,21,female,False,02,08,01,06,True,6,0,2,5,True,False,자유전공학부,1,2,65,69,57,44,20,35,False,,,,
24000066,김시윤,27,male,True,02,06,22,06,True,4,6,2,1,True,True,경영학부,1,4,5,40,86,16,62,84,False,,,,
20000070,이서연,20,female,False,02,07,23,10,False,1,0,4,0,False,True,경영학부,7,5,42,97,26,50,6,90,False,,,,
23000056,김민서,24,female,False,00,11,23,06,True,3,6,5,5,False,True,경제학과,0,3,85,38,22,33,45,6,False,,,,
20000071,배소윤,22,female,True,03,08,23,11,False,2,0,4,2,True,False,정보보호학과,7,1,38,96,66,85,20,51,False,,,,
21000065,김승민,28,male,False,22,07,22,07,True,4,6,2,1,True,False,경영학부,1,3,14,11,6,98,13,22,False,,,,
22000050,황채원,23,female,True,00,10,01,11,True,1,5,2,2,True,True,자유전공학부,2,3,84,54,53,87,36,55,False,,,,
22000051,김다은,23,female,False,00,11,23,06,True,4,3,1,2,True,False,정보보호학과,4,5,89,21,24,10,5,44,False,,,,
18000060,김민서,23,female,True,01,09,02,07,False,7,3,4,2,True,True,경영학부,7,4,4,1,77,94,87,24,False,,,,
19000070,윤민수,22,male,False,22,10,22,07,True,4,6,5,7,False,False,정보보호학과,2,2,52,67,67,67,92,30,False,,,,
18000061,안다은,21,female,False,22,08,22,08,False,7,4,3,6,False,True,경제학과,6,3,49,79,70,43,28,1,False,,,,
17000078,홍하윤,28,female,False,22,09,22,11,False,1,5,4,6,True,True,경영학부,0,4,17,63,42,51,57,58,False,,,,
21000066,박유준,23,male,False,00,06,01,08,False,4,5,3,0,True,True,컴퓨터공학과,0,3,59,72,71,26,57,51,False,,,,
19000071,서지훈,21,male,True,22,11,01,07,False,3,2,4,2,True,True,경영학부,1,3,37,91,58,36,0,96,False,,,,
18000062,이도윤,22,male,False,23,09,03,09,False,1,3,5,5,True,False,경영학부,5,1,42,86,10,22,15,83,False,,,,
17000079,배승현,28,male,False,23,08,02,11,False,6,7,1,6,False,False,정보보호학과,1,1,24,7,83,43,77,92,False,,,,
18000063,김지민,28,female,False,02,08,03,08,True,3,4,3,0,True,True,컴퓨터공학과,4,1,52,90,5,61,71,14,False,,,,
23000057,손예준,22,male,False,23,10,23,06,True,6,2,1,3,False,False,경영학부,7,5,62,77,11,26,31,25,False,,,,
19000072,김민수,21,male,False,23,08,03,09,True,2,2,3,0,True,False,경제학과,4,3,12,4,67,98,18,43,False,,,,
22000052,지승현,25,male,True,23,11,01,06,True,4,3,1,4,False,True,자유전공학부,1,5,96,66,40,7,18,53,False,,,,
23000058,고유나,28,female,True,01,10,03,08,False,0,1,3,0,False,False,경영학부,5,3,12,89,75,9,28,84,False,,,,
21000067,권수아,28,female,False,23,08,23,08,False,1,7,3,6,True,False,경제학과,1,1,89,42,39,62,95,16,False,,,,
22000053,류시우,28,male,True,22,08,01,06,True,0,7,5,7,False,True,경영학부,1,2,68,65,10,15,84,33,False,,,,
23000059,류지민,24,female,False,03,07,23,09,False,1,1,3,0,True,False,컴퓨터공학과,0,2,14,82,86,40,95,76,False,,,,
25000062,임지후,25,male,True,23,10,03,10,False,0,5,5,3,False,False,컴퓨터공학과,4,3,67,22,5,16,98,52,False,,,,
18000064,고서윤,24,female,False,00,11,02,11,False,5,1,5,7,True,True,경제학과,7,3,54,8,17,77,99,40,False,,,,
24000067,박유나,20,female,False,22,07,01,07,True,5,6,2,1,False,False,자유전공학부,6,3,58,89,15,56,11,34,False,,,,
25000063,김현우,21,male,True,22,08,22,07,True,7,3,4,7,True,False,컴퓨터공학과,6,2,92,78,27,62,4,61,False,,,,
18000065,박하윤,28,female,False,23,11,22,11,False,3,7,3,3,True,True,자유전공학부,5,3,82,7,25,43,69,27,False,,,,
24000068,최하준,28,male,False,00,11,01,06,False,5,2,2,3,False,True,컴퓨터공학과,2,2,39,92,7,57,84,37,False,,,,
21000068,남시우,23,male,False,23,09,22,08,False,1,3,3,0,False,True,정보보호학과,4,4,100,85,54,15,12,15,False,,,,
19000073,한민수,26,male,False,23,11,22,08,False,7,6,3,5,True,True,컴퓨터공학과,0,3,48,53,31,39,1,36,False,,,,
25000064,강예준,20,male,False,00,08,03,07,True,4,0,4,3,False,False,경영학부,2,4,23,94,1,1,55,47,False,,,,
24000069,김준우,20,male,False,00,08,23,07,False,1,6,1,4,True,False,정보보호학과,6,3,14,58,80,31,75,83,False,,,,
25000065,박준우,28,male,False,00,10,22,07,True,4,2,3,5,False,True,자유전공학부,7,4,41,13,81,34,66,52,False,,,,
18000066,김은서,21,female,False,03,09,00,11,True,5,1,4,1,True,False,경제학과,5,4,49,57,46,42,16,97,False,,,,
19000074,이윤서,28,female,True,03,09,01,09,True,1,6,4,4,True,False,경영학부,6,4,37,63,54,6,54,22,False,,,,
17000080,박소윤,28,female,False,03,09,22,09,False,3,2,2,3,False,True,정보보호학과,0,4,51,71,66,43,30,13,False,,,,
20000072,김유준,27,male,True,22,09,00,09,False,0,2,2,7,False,False,정보보호학과,3,3,34,51,50,14,59,52,False,,,,
17000081,이시우,27,male,False,23,11,02,07,False,5,2,4,4,False,False,자유전공학부,1,4,64,90,99,92,26,70,False,,,,
23000060,김도윤,24,male,True,01,11,00,10,False,6,6,3,1,True,True,경제학과,7,5,83,85,85,64,16,0,False,,,,
23000061,조재윤,20,male,False,22,10,22,11,False,2,3,4,7,True,True,컴퓨터공학과,0,5,15,36,98,87,100,23,False,,,,
20000073,김민서,27,female,False,02,10,02,08,False,6,1,3,7,True,False,경영학부,5,3,13,49,61,24,53,30,False,,,,
20000074,김민서,22,female,True,22,06,22,08,False,3,0,2,2,True,True,정보보호학과,0,5,87,69,2,7,13,75,False,,,,
22000054,박은우,25,male,False,23,08,00,11,False,0,0,5,3,True,False,자유전공학부,7,4,18,63,90,17,61,94,False,,,,
21000069,최민서,26,female,False,00,07,00,09,False,6,1,1,1,False,True,경제학과,4,1,36,10,84,40,50,24,False,,,,
18000067,박유준,24,male,False,02,07,01,09,True,1,7,1,1,True,True,컴퓨터공학과,6,1,48,43,10,31,99,43,False,,,,
19000075,민지훈,24,male,True,22,10,23,08,False,1,0,3,2,False,False,자유전공학부,1,4,13,64,36,44,24,40,False,,,,
22000055,우현우,22,male,False,01,06,02,08,False,0,5,3,0,True,False,경영학부,6,1,85,66,27,93,56,73,False,,,,
17000082,임예준,20,male,False,01,10,00,06,False,0,4,4,5,True,True,경영학부,5,3,56,62,87,61,27,48,False,,,,
23000062,안승민,23,male,False,00,10,02,11,True,6,3,5,2,False,True,정보보호학과,1,5,26,58,22,99,85,25,False,,,,
18000068,서나연,22,female,False,03,08,22,11,True,4,4,4,5,True,False,경제학과,7,3,68,17,97,57,99,23,False,,,,
22000056,노지우,28,female,True,23,11,00,10,False,0,3,5,2,True,True,컴퓨터공학과,2,3,51,54,73,18,15,20,False,,,,
18000069,이지훈,22,male,False,02,10,03,10,True,4,5,4,6,False,True,자유전공학부,6,1,27,48,40,47,17,12,False,,,,
17000083,노서윤,27,female,False,03,11,03,08,False,6,4,1,6,True,True,경제학과,3,2,90,9,4,68,35,11,False,,,,
21000070,김나연,28,female,False,23,09,01,06,False,1,7,5,3,False,False,컴퓨터공학과,7,2,95,24,11,60,54,46,False,,,,
23000063,오서연,22,female,False,22,08,00,07,False,3,0,2,7,True,False,경영학부,5,5,59,89,51,76,94,34,False,,,,
18000070,김도윤,21,male,False,23,06,00,06,False,3,6,1,1,False,True,컴퓨터공학과,4,5,26,26,60,22,78,97,False,,,,
18000071,심서윤,27,female,False,02,06,03,06,False,2,1,3,3,True,False,경영학부,2,4,35,4,97,88,4,72,False,,,,
17000084,박채원,24,female,False,22,10,22,06,False,7,7,2,3,True,False,자유전공학부,4,4,83,32,88,83,47,70,False,,,,
23000064,김채원,25,female,False,00,09,01,06,True,4,6,4,1,True,True,자유전공학부,1,3,62,40,94,30,23,32,False,,,,
22000057,노건우,21,male,True,03,11,22,10,False,1,2,3,0,False,False,자유전공학부,3,4,12,69,85,33,2,14,False,,,,
24000070,이민준,23,male,False,03,09,01,06,False,5,3,3,3,False,False,경제학과,4,4,90,54,63,86,74,31,False,,,,
17000085,이예은,23,female,False,22,07,23,11,False,2,6,2,7,True,True,경영학부,2,2,18,85,72,64,45,36,False,,,,
25000066,김민준,27,male,False,23,07,22,08,False,3,3,2,5,True,False,자유전공학부,2,3,88,18,24,30,71,48,False,,,,
20000075,김다은,28,female,True,23,06,00,10,True,4,4,3,1,False,True,경제학과,2,3,39,33,95,27,23,49,False,,,,
18000072,권승민,25,male,False,03,10,23,11,False,0,2,5,4,False,True,컴퓨터공학과,3,4,19,71,38,94,81,39,False,,,,
22000058,이지훈,22,male,True,03,06,01,06,False,5,7,2,3,False,False,자유전공학부,6,3,44,95,52,42,61,100,False,,,,
18000073,박대현,21,male,True,22,06,22,08,False,0,7,1,0,False,True,경제학과,5,1,1,11,40,19,2,46,False,,,,
23000065,남채원,25,female,True,01,11,23,09,False,5,3,4,2,True,True,경영학부,5,2,53,26,77,4,67,88,False,,,,
20000076,김서준,23,male,False,00,07,02,11,False,1,6,2,6,True,True,자유전공학부,1,3,0,92,11,63,21,75,False,,,,
19000076,장서연,23,female,False,03,09,02,09,False,1,2,1,4,False,False,경영학부,0,3,5,47,88,98,64,14,False,,,,
25000067,안서연,20,female,False,03,10,03,06,False,2,7,3,7,True,False,컴퓨터공학과,1,5,66,29,81,72,79,76,False,,,,
24000071,홍수아,28,female,False,22,07,00,08,False,0,5,4,0,True,True,경영학부,0,2,9,14,79,64,27,81,False,,,,
19000077,이대현,26,male,False,02,07,01,09,True,3,6,1,5,True,False,경영학부,0,5,3,1,92,14,83,25,False,,,,
19000078,김도윤,25,male,False,00,06,01,07,False,4,6,2,0,False,True,경영학부,1,1,80,79,38,8,7,58,False,,,,
17000086,김서윤,22,female,False,00,08,23,08,False,2,1,1,1,False,True,정보보호학과,1,1,79,60,30,98,86,78,False,,,,
22000059,김예은,22,female,False,01,07,03,06,False,7,0,3,3,True,False,자유전공학부,1,1,94,45,76,69,84,98,False,,,,
18000074,김예준,26,male,False,01,07,02,10,True,2,7,5,2,True,True,경영학부,0,2,92,90,57,94,97,86,False,,,,
18000075,김민준,21,male,False,23,09,22,08,False,6,5,3,2,False,False,컴퓨터공학과,1,2,18,86,4,17,59,97,False,,,,
25000068,손예린,21,female,False,02,11,01,11,False,2,3,1,3,True,True,정보보호학과,1,3,55,27,69,24,97,33,False,,,,
18000076,김채원,26,female,True,22,08,23,07,False,6,6,2,6,False,True,자유전공학부,3,1,12,41,81,11,85,18,False,,,,
23000066,김대현,21,male,False,22,10,01,09,False,6,5,2,4,True,False,컴퓨터공학과,3,4,92,95,84,97,41,68,False,,,,
20000077,고예린,27,female,True,23,10,23,11,False,0,3,3,3,False,False,컴퓨터공학과,4,4,26,72,62,50,36,31,False,,,,
24000072,서지후,25,male,True,00,09,22,11,True,1,6,1,4,True,False,경영학부,7,4,44,86,64,88,96,27,False,,,,
19000079,이시윤,21,male,False,03,07,01,11,True,5,4,5,2,True,False,컴퓨터공학과,5,4,2,13,29,45,42,96,False,,,,
23000067,김채원,21,female,True,00,11,01,07,True,1,0,3,4,False,False,자유전공학부,2,4,24,98,36,5,30,55,False,,,,
17000087,박예준,23,male,False,22,10,22,07,True,0,2,4,1,False,False,컴퓨터공학과,6,3,75,55,16,34,33,46,False,,,,
21000071,최예은,27,female,False,22,10,03,11,True,0,0,2,4,True,True,정보보호학과,5,2,30,74,93,11,75,97,False,,,,
20000078,최유준,21,male,False,00,08,01,10,True,0,0,1,1,False,True,경영학부,5,1,93,96,96,35,12,16,False,,,,
20000079,송지민,23,female,False,23,10,01,09,False,6,1,1,1,False,False,경제학과,1,2,8,55,75,26,56,80,False,,,,
24000073,이지민,23,female,False,00,11,03,09,False,1,5,3,2,False,True,컴퓨터공학과,6,2,38,51,84,79,7,80,False,,,,
23000068,이준우,21,male,False,23,10,00,10,False,4,4,5,6,True,False,경영학부,3,5,63,27,96,97,93,51,False,,,,
20000080,이지후,25,male,False,02,09,22,09,False,7,3,2,6,True,False,경제학과,3,1,90,78,85,82,92,20,False,,,,
22000060,박예린,21,female,True,00,11,00,07,False,1,3,1,0,False,False,경영학부,7,3,45,54,10,56,39,0,False,,,,
21000072,구유준,24,male,False,22,10,23,07,False,4,6,5,3,True,True,자유전공학부,1,5,21,32,31,71,86,29,False,,,,
24000074,이소윤,27,female,False,23,10,23,09,True,2,1,3,6,True,False,경제학과,3,3,44,56,7,95,10,42,False,,,,
19000080,최재윤,21,male,False,00,11,01,06,True,5,7,2,0,False,False,경영학부,2,1,42,22,1,53,47,70,False,,,,
18000077,장지우,25,female,False,23,10,03,11,False,6,3,2,3,True,True,경제학과,5,4,62,16,25,18,98,79,False,,,,
18000078,김재윤,27,male,False,22,09,01,08,False,0,5,3,4,True,True,컴퓨터공학과,3,2,79,41,44,6,39,84,False,,,,
20000081,박승현,21,male,True,22,06,22,07,False,7,1,2,7,False,False,자유전공학부,4,4,3,12,61,20,40,77,False,,,,
21000073,이다은,25,female,False,01,08,02,06,True,6,3,2,3,False,True,경제학과,6,3,26,19,17,4,81,37,False,,,,
19000081,홍예린,28,female,False,22,06,03,08,False,5,5,1,5,True,False,자유전공학부,0,3,86,67,6,68,98,80,False,,,,
24000075,이지우,21,female,False,23,08,00,11,False,7,1,3,5,False,True,경제학과,6,4,19,89,81,78,96,60,False,,,,
20000082,김하윤,25,female,True,00,10,22,11,False,3,0,2,0,True,False,자유전공학부,4,5,18,34,60,50,74,54,False,,,,
20000083,박유나,20,female,True,00,10,23,07,True,3,1,5,1,False,False,컴퓨터공학과,6,2,61,67,60,97,93,4,False,,,,
23000069,이소윤,23,female,False,02,07,01,08,False,0,2,1,4,True,False,경제학과,0,1,75,87,100,37,2,46,False,,,,
21000074,김승민,25,male,True,01,07,02,08,False,4,1,4,4,True,False,정보보호학과,3,3,8,13,56,68,99,93,False,,,,
18000079,박예은,20,female,True,01,06,01,06,False,6,6,4,2,True,False,컴퓨터공학과,3,5,88,15,2,47,95,92,False,,,,
18000080,박시윤,24,male,False,03,06,22,10,True,0,1,1,2,False,True,경제학과,6,2,70,69,10,73,95,31,False,,,,
19000082,이지훈,21,male,False,02,09,01,07,False,7,2,1,4,False,True,경영학부,6,5,57,55,32,26,83,71,False,,,,
17000088,김현우,21,male,False,22,11,01,08,False,5,4,2,2,False,True,경영학부,5,1,91,15,99,2,87,28,False,,,,
23000070,홍서윤,27,female,False,00,10,23,07,False,2,7,5,0,True,False,정보보호학과,2,5,20,16,37,19,65,64,False,,,,
17000089,김시윤,26,male,False,03,07,02,06,True,3,5,2,7,False,True,경영학부,2,2,55,90,53,100,17,93,False,,,,
23000071,최민수,20,male,True,22,07,01,10,True,0,2,4,0,False,True,경제학과,5,2,56,54,99,73,42,82,False,,,,
21000075,이하윤,23,female,False,23,10,23,08,False,1,3,4,4,True,True,정보보호학과,2,1,93,92,18,2,38,68,False,,,,
25000069,홍지안,27,female,False,01,09,01,11,False,3,7,3,2,True,False,경영학부,3,4,92,76,54,0,6,3,False,,,,
24000076,우다은,20,female,False,02,10,00,07,True,3,1,2,3,False,False,컴퓨터공학과,6,4,91,90,36,35,19,92,False,,,,
17000090,이은우,28,male,False,23,08,23,09,True,4,7,3,3,False,False,자유전공학부,1,5,53,72,95,76,75,7,False,,,,
17000091,이민준,21,male,False,22,10,23,11,False,0,2,4,4,True,True,자유전공학부,7,2,22,58,66,76,74,54,False,,,,
25000070,윤하윤,22,female,True,02,10,00,11,False,0,7,1,0,True,True,정보보호학과,1,2,13,85,51,22,34,24,False,,,,
21000076,홍서연,27,female,True,01,11,22,07,True,3,2,1,6,True,False,정보보호학과,2,4,66,2,3,71,50,24,False,,,,
20000084,김다은,20,female,False,03,11,02,11,True,5,2,2,6,False,True,자유전공학부,2,2,10,92,70,94,63,97,False,,,,
18000081,김서준,26,male,False,22,09,00,07,False,6,6,3,2,False,True,정보보호학과,3,3,35,37,65,84,81,16,False,,,,
18000082,박지훈,26,male,True,23,09,00,09,False,5,7,5,4,True,True,컴퓨터공학과,5,4,57,98,7,17,27,65,False,,,,
18000083,이소윤,20,female,False,01,07,02,11,True,1,5,2,5,False,True,경제학과,5,5,76,17,36,52,18,84,False,,,,
20000085,이준우,25,male,False,23,08,00,10,False,4,6,2,0,True,False,컴퓨터공학과,0,5,15,32,0,48,19,52,False,,,,
19000083,강재윤,23,male,False,22,10,00,10,False,0,1,3,4,False,True,경제학과,5,5,21,10,9,21,56,31,False,,,,
22000061,안현우,20,male,False,00,10,03,08,True,3,5,1,5,True,True,경영학부,0,4,45,1,74,78,93,15,False,,,,
19000084,김윤서,21,female,False,00,10,23,09,False,6,1,1,4,False,True,자유전공학부,2,3,0,69,56,99,50,62,False,,,,
25000071,김민서,28,female,True,23,11,02,09,True,1,4,5,1,False,True,자유전공학부,7,5,34,73,100,96,18,72,False,,,,
25000072,양민수,27,male,False,22,08,22,06,True,6,3,4,2,True,False,경영학부,6,4,31,63,27,34,47,67,False,,,,
23000072,송도윤,20,male,False,01,11,02,08,False,2,4,4,3,True,False,경제학과,7,3,61,39,31,23,74,21,False,,,,
